Sample ID,Location Code,MONTH,YEAR,Collection Date,Collection Date/Time,AMMONIA_W,CONDUCTIVITY_W,DO_W,FCB_W,NITRATE_W,NITRITE_W,ORTHOPHOSPHATE_W,PH_W,PHOSPHOROUS_W,TEMPERATURE_W,TKN_W,TN_W,TSS_W,TURBIDITY_W
AA12388,CAPR1,7,2016,7/6/2016,7/6/2016 8:30,0.0343,196.8,8.43,23,0.773,0.001,0.0649,7.45,0.863,22.2,,,9,6.07
AA12491,CAPR1,7,2016,7/11/2016,7/11/2016 9:10,0.015,220,,32,0.467,0.001,0.0575,7.61,0.197,21.2,,,0.59,2.7
AA12632,CAPR1,7,2016,7/14/2016,7/14/2016 8:15,0.0248,208.9,,70,0.475,0.001,0.059,7.42,0.203,23.1,,,5,3.68
AA12657,CAPR1,7,2016,7/18/2016,7/18/2016 8:30,0.0701,222,,42,0.495,0.001,0.045,7.79,0.06,23.2,,,6,3.01
AA12832,CAPR1,7,2016,7/25/2016,7/25/2016 8:08,0.004,212.1,,21,0.242,0.001,0.00839,7.69,0.281,23.4,,,5,3.03
AA12393,CAPR6,,,7/6/2016,7/6/2016 10:40,0.0498,170.7,8.43,9,0.364,0.001,0.0704,7.92,0.777,25.2,,,5,6.18
AA12394,CAPR7,,,7/6/2016,7/6/2016 11:13,0.0324,186.6,8.75,13,0.386,0.001,0.0639,7.88,0.73,23.9,,,5,4.61
AA12395,CAPR8,,,7/6/2016,7/6/2016 11:32,0.0594,163.8,7.94,54,0.269,0.001,0.0578,8.06,0.727,25.4,0.362,0.632,15,10
AA12953,CAPR1,8,2016,8/1/2016,8/1/2016 8:27,0.0779,173.4,8.88,28,0.565,0.001,0.112,7.74,0.238,23.2,,,12,19.7
AA13023,CAPR1,8,2016,8/8/2016,8/8/2016 8:55,0.004,233,,24,0.31,0.001,0.061,8,0.181,22,,,2,3.03
AA13177,CAPR1,8,2016,8/15/2016,8/15/2016 8:18,0.105,220,,19,0.347,0.001,0.0542,7.78,0.107,23.3,,,2,4.22
AA13265,CAPR1,8,2016,8/17/2016,8/17/2016 8:10,0.029,214.1,,12,0.436,0.001,0.0508,7.7,0.498,24.1,,,7,7.95
AA13367,CAPR1,8,2016,8/24/2016,8/24/2016 8:11,0.004,206.7,,5,0.305,0.001,0.0667,7.67,0.152,20.3,,,4,3.98
AA12496,CAPR6,,,7/11/2016,7/11/2016 11:22,0.0267,187.1,,25,0.16,0.001,0.0599,7.9,0.0741,23.9,,,0.59,3.58
AA12497,CAPR7,,,7/11/2016,7/11/2016 8:53,0.022,212,,54,0.192,0.001,0.0536,8.15,0.0876,23.5,,,4,3.83
AA12498,CAPR8,,,7/11/2016,7/11/2016 11:14,0.0632,174.6,,64,0.0504,0.001,0.0473,8.22,0.117,25.7,,,7,8.32
AA13544,CAPR1,9,2016,9/7/2016,9/7/2016 8:33,0.004,213,8.56,4,0.0633,0.001,0.0547,7.76,0.171,21.2,,,0.59,2.15
AA13583,CAPR1,9,2016,9/12/2016,9/12/2016 9:12,0.0134,240,,5,0.0766,0.001,0.0592,7.84,0.061,19.4,,,3,1.61
AA13721,CAPR1,9,2016,9/19/2016,9/19/2016 8:37,0.004,186.5,,13,0.11,0.001,0.005,7.77,0.005,19.8,,,3,2.42
AA13767,CAPR1,9,2016,9/22/2016,9/22/2016 8:11,0.004,244,,20,0.0702,0.001,0.0476,7.56,0.143,18.7,,,4,2.42
AA13856,CAPR1,9,2016,9/28/2016,9/28/2016 8:05,0.004,248,,23,0.114,0.001,0.0858,7.78,0.138,16.6,,,12,10.7
AA12637,CAPR6,,,7/14/2016,7/14/2016 9:23,0.0245,182.2,,68,0.0453,0.001,0.0563,7.95,0.142,27.4,,,4,5.33
AA12638,CAPR7,,,7/14/2016,7/14/2016 10:14,0.0171,203.5,,52,0.066,0.001,0.0459,8.08,0.176,26,,,6,3.91
AA12639,CAPR8,,,7/14/2016,7/14/2016 10:34,0.0808,179.8,,19,0.002,0.001,0.0579,8.09,0.175,27.6,,,11,9.86
AA13914,CAPR1,10,2016,10/3/2016,10/3/2016 8:45,0.088,241,,24,1.11,0.001,0.043,7.71,0.113,17.7,,,0.59,6.51
AA13977,CAPR1,10,2016,10/5/2016,10/5/2016 8:33,0.004,235,,21,0.726,0.001,0.03,7.89,0.166,17.5,,,2,2.51
AA14101,CAPR1,10,2016,10/12/2016,10/12/2016 8:06,0.004,196.9,,8,0.875,0.001,0.01,7.79,0.016,13.2,,,4,3
AA14246,CAPR1,10,2016,10/18/2016,10/18/2016 8:14,0.004,207.8,,31,0.257,0.001,0.0466,7.92,0.102,15.3,,,0.59,1.7
AA14398,CAPR1,10,2016,10/26/2016,10/26/2016 8:29,0.004,277,,46,0.0677,0.001,0.0508,7.95,0.106,11.7,,,0.59,1.17
AA12662,CAPR6,,,7/18/2016,7/18/2016 9:52,0.004,187,,25,0.0636,0.001,0.004,7.88,0.053,25.4,,,6,3.96
AA12663,CAPR7,,,7/18/2016,7/18/2016 10:31,0.00801,206.7,,33,0.0803,0.001,0.0525,8.1,0.0642,25.6,,,5,3.65
AA12664,CAPR8,,,7/18/2016,7/18/2016 11:00,0.0472,185.2,,16,0.0215,0.001,0.0751,8.06,0.0793,28,,,12,11.4
AA14544,CAPR1,11,2016,11/2/2016,11/2/2016 8:27,0.004,214.7,,27,0.046,0.001,0.0215,7.76,0.0818,13.9,,,0.59,1.7
AA14585,CAPR1,11,2016,11/9/2016,11/9/2016 8:29,0.004,216.8,,31,0.032,0.001,0.0198,7.91,0.0776,13.1,,,0.59,1.24
AA14639,CAPR1,11,2016,11/14/2016,11/14/2016 8:17,0.004,214,,25,0.0351,0.001,0.0187,7.77,0.024,8.2,,,2,0.949
AA14752,CAPR1,11,2016,11/22/2016,11/22/2016 8:35,0.004,248,,0,0.0497,0.001,0.0155,7.94,0.019,6.5,,,2,1.22
AA14832,CAPR1,11,2016,11/30/2016,11/30/2016 8:09,0.004,214.8,,21,0.0773,0.001,0.0128,7.76,0.205,9.7,,,5,2.5
AA12837,CAPR6,,,7/25/2016,7/25/2016 9:23,0.0133,169.6,,12,0.002,0.001,0.0508,7.89,0.348,28,,,5,4.61
AA12838,CAPR7,,,7/25/2016,7/25/2016 10:10,0.004,194.5,,16,0.0467,0.001,0.0604,7.98,0.363,26.1,,,5,3.61
AA12839,CAPR8,,,7/25/2016,7/25/2016 10:24,0.0591,180.1,,37,0.0205,0.001,0.0861,7.53,0.357,28.1,,,8,8.4
AA14983,CAPR1,12,2016,12/7/2016,12/7/2016 8:02,0.004,216.6,,7,0.293,0.001,0.0189,7.72,0.0548,7.2,,,4,2.72
AA15061,CAPR1,12,2016,12/12/2016,12/12/2016 8:14,0.004,236,,12,0.696,0.001,0.0173,7.77,0.0358,4.2,,,5,2.41
AA15169,CAPR1,12,2016,12/19/2016,12/19/2016,0.018,195.6,,4,0.544,0.001,0.0099,7.58,0.0219,3.5,,,0.59,2.09
AA15273,CAPR1,12,2016,12/28/2016,12/28/2016 8:43,0.004,201,,5,0.35,0.001,0.0056,7.58,0.0231,5.8,,,0.59,1.06
AA15338,CAPR1,1,2017,1/4/2017,1/4/2017 8:31,0.0953,224,,920,0.746,0.001,0.083,7.78,0.09,7.4,,,11,17.1
AA12958,CAPR6,,,8/1/2016,8/1/2016 9:50,0.0192,151.9,8.17,8,0.197,0.001,0.0519,7.99,0.152,26.5,,,7,6.99
AA12959,CAPR7,,,8/1/2016,8/1/2016 10:33,0.004,176.3,8.36,15,0.188,0.001,0.0514,8.11,0.135,26.2,,,6,6.6
AA12960,CAPR8,,,8/1/2016,8/1/2016 10:52,0.0378,142,7.75,36,0.145,0.001,0.0358,7.96,0.142,27.9,1.08,1.23,6,10.9
AA15395,CAPR1,1,2017,1/9/2017,1/9/2017 8:16,0.004,172,,7,1.32,0.001,0.0154,7.27,0.023,1.3,,,0.59,2.61
AA15621,CAPR1,1,2017,1/23/2017,1/23/2017 8:18,0.004,191.7,,660,0.901,0.001,0.0315,7.69,0.0488,8.4,,,4,6.68
AA15675,CAPR1,1,2017,1/25/2017,1/25/2017 8:14,0.0374,132.3,,285,2.04,0.001,Scratched,7.47,0.0525,6.6,,,4,13.1
AA15742,CAPR1,1,2017,1/30/2017,1/30/2017 8:27,0.004,134.5,,31,1.64,0.001,0.0154,8.19,0.0604,4.8,,,0.59,3.63
AA15793,CAPR1,2,2017,2/1/2017,2/1/2017 8:23,0.004,150.4,,36,1.55,0.001,0.028,7.16,0.0391,5.4,,,5,2.6
AA13028,CAPR6,,,8/8/2016,8/8/2016 10:20,0.021,158,,35,0.27,0.001,0.065,7.82,0.103,23.5,,,5,7.1
AA13029,CAPR7,,,8/8/2016,8/8/2016 10:55,0.078,182,,50,0.27,0.001,0.077,7.96,0.165,23.7,,,7,8.54
AA13030,CAPR8,,,8/8/2016,8/8/2016 11:22,0.082,142.8,,15,0.33,0.001,0.084,7.8,0.167,24.6,,,14,21.3
AA15848,CAPR1,2,2017,2/7/2017,2/7/2017 8:17,0.004,157.6,,29,1.27,0.001,0.0134,7.7,0.0666,6.2,,,0.59,2.3
AA16015,CAPR1,2,2017,2/21/2017,2/21/2017 8:40,0.004,146.9,,25,0.812,0.001,0.0106,7.82,0.0539,8.9,,,5,2.6
AA16051,CAPR1,2,2017,2/23/2017,2/23/2017 8:45,0.004,149.8,,31,0.723,0.001,0.0162,7.87,0.042,11,,,3,3.28
AA16099,CAPR1,2,2017,2/28/2017,2/28/2017 8:22,0.004,152.4,,17,0.722,0.001,0.0078,7.16,0.0804,8.2,,,0.59,2.28
AA16117,CAPR1,3,2017,3/1/2017,3/1/2017 8:12,0.004,163.7,,21,0.657,0.001,0.0116,7.87,0.0476,10.3,,,4,2.12
AA13182,CAPR6,,,8/15/2016,8/15/2016 9:37,0.0521,174.1,,23,0.0966,0.001,0.0457,7.68,0.695,28,,,0.59,4.64
AA13183,CAPR7,,,8/15/2016,8/15/2016 10:10,0.101,212,,39,0.0173,0.001,0.0457,8.01,0.68,26.1,,,4,5.8
AA13184,CAPR8,,,8/15/2016,8/15/2016 10:31,0.0605,177.8,,25,0.0158,0.001,0.0445,8.05,0.652,27.9,,,3,6.12
AA16168,CAPR1,3,2017,3/6/2017,3/6/2017 8:52,0.0231,177.8,,42,0.705,0.001,0.0147,7.94,0.0504,6.9,,,3,1.47
AA16344,CAPR1,3,2017,3/20/2017,3/20/2017 8:42,0.0178,101.4,,35,1.17,0.001,0.0318,7.93,0.0836,6.3,,,5,9.55
AA16477,CAPR1,3,2017,3/28/2017,3/28/2017 8:35,0.004,139.3,,27,0.79,0.001,0.0269,7.68,0.0737,13.4,,,2,5.76
AA16551,CAPR1,4,2017,4/3/2017,4/3/2017 8:45,0.0206,117.6,,32,1.2,0.001,0.0988,7.51,0.114,11.2,,,6,7.31
AA16719,CAPR1,4,2017,4/11/2017,4/11/2017 8:35,0.004,125.6,,25,0.718,0.001,0.0183,7.43,0.0736,13.2,,,3,3.05
AA13270,CAPR6,,,8/17/2016,8/17/2016 9:16,0.0545,169.3,,15,0.102,0.001,0.0512,7.97,0.548,25.8,,,4,7.45
AA13271,CAPR7,,,8/17/2016,8/17/2016 9:45,0.0352,193.7,,32,0.0894,0.001,0.0481,8.18,0.562,25.7,,,9,4.38
AA13272,CAPR8,,,8/17/2016,8/17/2016 10:00,0.0536,175.3,,86,0.00925,0.001,0.0351,8.29,0.541,27.9,,,6,5.97
AA16804,CAPR1,4,2017,4/17/2017,4/17/2017 8:17,0.004,144.1,,24,0.386,0.001,0.019,7.83,0.112,16.9,,,3,2.77
AA16859,CAPR1,4,2017,4/19/2017,4/19/2017 8:15,0.004,136.8,,20,0.365,0.001,0.0237,7.41,0.0777,16.2,,,5,3.14
AA16985,CAPR1,4,2017,4/26/2017,4/26/2017 8:20,0.0684,106.3,,21,0.517,0.001,0.0668,7.35,0.071,14.1,,,26,20.9
AA17123,CAPR1,5,2017,5/3/2017,5/3/2017 9:10,0.0408,106.6,9.66,25,0.432,0.001,0.0279,8.15,0.0679,16.6,,,4,4.62
AA17171,CAPR1,5,2017,5/8/2017,5/8/2017 8:15,0.0161,86.1,11,29,0.924,0.001,0.0363,6.6,0.0678,12,,,13,11.8
AA13372,CAPR6,,,8/24/2016,8/24/2016 9:20,0.004,178.9,,15,0.0361,0.001,0.0621,7.92,0.163,23.1,,,3,3.31
AA13373,CAPR7,,,8/24/2016,8/24/2016 9:57,0.004,190.9,,16,0.0381,0.001,0.0561,8.24,0.168,22.8,,,4,3.56
AA13374,CAPR8,,,8/24/2016,8/24/2016 10:31,0.004,171.9,,15,0.00626,0.001,0.0571,7.94,0.168,25.1,,,9,7.16
AA17284,CAPR1,5,2017,5/15/2017,5/15/2017 8:40,0.0796,84.9,,99,0.827,0.001,0.027,7.6,0.0675,13.9,,,12,10.6
AA17325,CAPR1,5,2017,5/22/2017,5/22/2017 8:24,0.004,134.5,,35,0.568,0.001,0.0184,7.94,0.0838,18.7,,,5,4.86
AA17442,CAPR1,5,2017,5/30/2017,5/30/2017 8:35,0.0666,115.9,,100,0.622,0.001,0.026,6.46,0.0439,17.5,,,12,10
AA17564,CAPR1,6,2017,6/6/2017,6/6/2017 8:36,0.0508,157,9.39,20,0.583,0.001,0.023,7.79,0.0596,20.3,,,3,3.12
AA17694,CAPR1,6,2017,6/15/2017,6/15/2017 8:22,0.0832,178.6,,27,0.881,0.001,0.016,6.37,0.181,21.4,,,9,12.5
AA13549,CAPR6,,,9/7/2016,9/7/2016 9:47,0.004,172.9,8.28,8,0.0166,0.001,0.0582,7.87,0.294,23.1,,,2,2.6
AA13550,CAPR7,,,9/7/2016,9/7/2016 10:28,0.004,187.7,7.73,15,0.0139,0.001,0.0348,8.18,0.336,23.7,,,3,2.61
AA13551,CAPR8,,,9/7/2016,9/7/2016 10:49,0.0385,170.6,7.97,5,0.0051,0.001,0.0237,8.09,0.324,24.8,0.444,0.45,5,5.67
AA17745,CAPR1,6,2017,6/21/2017,6/21/2017 8:26,0.004,169.4,,78,0.669,0.001,0.004,7.93,0.0596,20.9,,,3,3.73
AA17839,CAPR1,6,2017,6/26/2017,6/26/2017 8:29,0.0294,190,,56,0.642,0.001,0.004,7.87,0.0444,20.2,,,4,2.39
AA17901,CAPR1,6,2017,6/28/2017,6/28/2017 8:30,0.0304,182.3,,44,0.431,0.001,0.004,7.79,0.0484,17.9,,,2,2.2
AA17946,CAPR1,7,2017,7/6/2017,7/6/2017 8:50,0.004,182.7,9.06,32,0.245,0.001,0.045,8.17,0.051,21.3,,,,2.89
AA18284,CAPR1,7,2017,7/31/2017,7/31/2017 8:52,0.0338,156.5,,46,1.71,0.001,0.06,8.06,0.0952,20,,,,8
AA13588,CAPR6,,,9/12/2016,9/12/2016 10:24,0.004,173.9,,8,0.0305,0.001,0.0702,8.15,0.075,23.4,,,5,3.67
AA13589,CAPR7,,,9/12/2016,9/12/2016 11:09,0.004,173.7,,21,0.0226,0.001,0.0458,8.24,0.09,22.8,,,4,3.06
AA13590,CAPR8,,,9/12/2016,9/12/2016 11:30,0.0451,211.6,,5,0.002,0.001,0.0515,8.12,0.122,24.1,,,7,5.29
AA18355,CAPR1,8,2017,8/7/2017,8/7/2017 8:24,0.004,205.7,9.13,33,0.409,0.001,0.04,7.51,0.123,20.3,,,,2.9
AA18563,CAPR1,8,2017,8/22/2017,8/22/2017 8:40,0.019,166.3,,24,0.499,0.001,0.0483,8.2,0.049,22.1,,,,3.39
AA18646,CAPR1,8,2017,8/28/2017,8/28/2017 9:25,0.0177,209.1,,29,0.24,0.001,0.0323,7.94,0.053,18.9,,,,1.9
AA18764,CAPR1,9,2017,9/6/2017,9/6/2017 8:43,0.0205,204.1,9.35,24,0.207,0.001,0.0371,7.45,0.039,18.4,,,,1.55
AA19033,CAPR1,9,2017,9/25/2017,9/25/2017 8:35,0.004,208.2,,11,0.103,0.001,0.0851,7.9,0.115,18.7,,,,1.26
AA13726,CAPR6,,,9/19/2016,9/19/2016 10:00,0.004,177.8,,31,0.002,0.001,0.005,7.34,0.005,21.3,,,5,3.15
AA13727,CAPR7,,,9/19/2016,9/19/2016 10:43,0.004,196.1,,37,0.0482,0.001,0.005,8.16,0.005,20.9,,,7,2.89
AA13728,CAPR8,,,9/19/2016,9/19/2016 11:16,0.004,176.6,,21,0.0117,0.001,0.005,7.92,0.005,22.3,,,7,5.85
AA19098,CAPR1,9,2017,9/28/2017,9/28/2017 8:47,0.004,205.1,,23,0.0797,0.001,0.0411,8.06,0.101,19.4,,,,1.39
AA19134,CAPR1,10,2017,10/3/2017,10/3/2017 9:45,0.004,210.1,,28,0.0816,0.001,0.0472,7.51,0.0694,14.7,,,,0.812
AA19335,CAPR1,10,2017,10/18/2017,10/18/2017 8:00,0.004,224,,60,0.0552,0.001,0.0296,6.49,0.0725,12.4,,,,1.05
AA19500,CAPR1,10,2017,10/26/2017,10/26/2017 8:35,0.0332,216.9,,8,0.0866,0.001,0.0263,6.69,0.0759,12.5,,,,1.81
AA19564,CAPR1,11,2017,11/1/2017,11/1/2017 8:36,0.0291,150.4,,21,2.07,0.001,0.0513,6.92,0.137,11.7,,,,7.12
AA13772,CAPR6,,,9/22/2016,9/22/2016 9:28,0.004,205.9,,29,0.0311,0.001,0.0504,7.95,0.166,20.4,,,4,4.71
AA13773,CAPR7,,,9/22/2016,9/22/2016 10:09,0.004,219.5,,43,0.0171,0.001,0.0337,8.11,0.055,21.5,,,0.59,2.18
AA13774,CAPR8,,,9/22/2016,9/22/2016 10:30,0.004,199.5,,80,0.002,0.001,0.0282,8.12,0.051,22.7,,,6,5.68
AA19858,CAPR1,11,2017,11/28/2017,11/28/2017 8:49,0.004,188.2,,,0.366,0.001,0.0138,7.43,0.017,5.7,,,,0.623
AA19922,CAPR1,12,2017,12/5/2017,12/5/2017 8:34,0.014,195.2,,12,0.306,0.001,0.004,8.22,0.005,7.9,,,,0.809
AA20138,CAPR1,12,2017,12/20/2017,12/20/2017 8:30,0.004,198.5,,20,0.353,0.001,0.004,6.87,0.0539,6.7,,,,0.744
AA12389,CAPR2,7,2016,7/6/2016,7/6/2016 9:35,0.0274,195.7,9.07,56,0.703,0.001,0.0575,7.81,0.868,22.9,,,8,6.04
AA12492,CAPR2,7,2016,7/11/2016,7/11/2016 10:25,0.0141,213.3,,58,0.336,0.001,0.0555,8,0.21,21.9,,,3,5.39
AA13861,CAPR6,,,9/28/2016,9/28/2016 9:16,0.004,200.5,,24,0.002,0.001,0.0856,7.85,0.117,17.9,,,2,2.96
AA13862,CAPR7,,,9/28/2016,9/28/2016 10:04,0.004,220,,29,0.002,0.001,0.0673,7.99,0.121,18.2,,,0.59,2.83
AA13863,CAPR8,,,9/28/2016,9/28/2016 10:23,0.004,205.6,,42,1.02,0.001,0.0897,8.2,0.109,19.2,,,3,4.83
AA12633,CAPR2,7,2016,7/14/2016,7/14/2016 8:25,0.0574,193,,680,0.322,0.001,0.0608,7.6,0.199,23.6,,,6,7.08
AA12658,CAPR2,7,2016,7/18/2016,7/18/2016 8:47,0.0511,205.4,,36,0.399,0.001,0.004,7.94,0.0198,22.9,,,6,4.22
AA12833,CAPR2,7,2016,7/25/2016,7/25/2016 8:20,0.0736,190.6,,13,0.15,0.001,0.0742,7.83,0.292,24.3,,,5,4.73
AA12954,CAPR2,8,2016,8/1/2016,8/1/2016 8:46,0.0514,163.3,8.67,16,0.423,0.001,0.0755,7.84,0.121,22.3,,,12,14.8
AA13024,CAPR2,8,2016,8/8/2016,8/8/2016 9:14,0.004,210.1,,54,0.23,0.001,0.093,8.05,0.117,22.3,,,4,4.81
AA13919,CAPR6,,,10/3/2016,10/3/2016 10:25,0.0829,157.3,,17,0.432,0.001,0.041,7.89,0.04,19.5,0.249,0.682,5,7.73
AA13920,CAPR7,,,10/3/2016,10/3/2016 11:10,0.0596,151.5,,24,0.46,0.001,0.032,8.13,0.035,19.2,,,3,6.69
AA13921,CAPR8,,,10/3/2016,10/3/2016 11:40,0.113,124.7,,33,0.629,0.001,0.034,8.21,0.038,18.7,,,9,18.6
AA13178,CAPR2,8,2016,8/15/2016,8/15/2016 8:32,0.055,199.3,,33,0.224,0.001,0.0594,8.04,0.064,24,,,0.59,5.01
AA13266,CAPR2,8,2016,8/17/2016,8/17/2016 8:17,0.0706,206,,27,0.304,0.001,0.0509,8,0.536,23.8,,,6,5.54
AA13368,CAPR2,8,2016,8/24/2016,8/24/2016 8:24,0.004,190.8,,31,0.191,0.001,0.0569,8.16,0.179,20.2,,,7,5.09
AA13545,CAPR2,9,2016,9/7/2016,9/7/2016 8:45,0.0196,193.5,7.79,19,0.0443,0.001,0.0527,7.99,0.175,21.6,,,4,4.4
AA13584,CAPR2,9,2016,9/12/2016,9/12/2016 9:24,0.0664,196.3,,42,0.0549,0.001,0.0523,7.95,0.065,20.4,,,5,3.51
AA13982,CAPR6,,,10/5/2016,10/5/2016 10:15,0.0279,176.2,,16,0.479,0.001,0.036,7.18,0.086,17.9,0.249,0.729,3,4.53
AA13983,CAPR7,,,10/5/2016,10/5/2016 11:03,0.004,194.1,,20,0.315,0.001,0.031,8.06,0.092,17.8,,,2,2.92
AA13984,CAPR8,,,10/5/2016,10/5/2016 11:28,0.0569,155.5,,29,0.404,0.001,0.038,7.24,0.064,18.1,,,6,9.02
AA13722,CAPR2,9,2016,9/19/2016,9/19/2016 8:51,0.004,189.2,,31,0.0414,0.001,0.005,7.57,0.009,20.8,,,7,4.06
AA13768,CAPR2,9,2016,9/22/2016,9/22/2016 8:22,0.132,218.9,,48,0.0349,0.001,0.0378,7.9,0.152,19.5,,,0.59,3.12
AA13857,CAPR2,9,2016,9/28/2016,9/28/2016 8:20,0.004,211.4,,37,0.002,0.001,0.082,7.54,0.128,17.7,,,4,3.06
AA13915,CAPR2,10,2016,10/3/2016,10/3/2016 9:01,0.044,207.9,,35,1.02,0.001,0.04,7.56,0.072,16.8,,,4,6.43
AA13978,CAPR2,10,2016,10/5/2016,10/5/2016 8:49,0.0141,210.1,,54,0.65,0.001,0.034,7.93,0.122,16.9,,,3,4.24
AA14106,CAPR6,,,10/12/2016,10/12/2016 9:16,0.004,178.1,,5,0.551,0.001,0.005,7.29,0.01,12.9,,,4,5.48
AA14107,CAPR7,,,10/12/2016,10/12/2016 9:52,0.004,187.8,,15,0.303,0.001,0.008,7.33,0.043,13.2,,,2,3
AA14108,CAPR8,,,10/12/2016,10/12/2016 10:28,0.004,154.1,,21,0.184,0.001,0.008,7.85,0.052,13.4,,,4,4.56
AA14102,CAPR2,10,2016,10/12/2016,10/12/2016 8:17,0.004,186.1,,40,0.832,0.001,0.017,6.65,0.021,12.2,,,4,4.53
AA14247,CAPR2,10,2016,10/18/2016,10/18/2016 8:26,0.004,203.6,,11,0.148,0.001,0.0408,7.31,0.126,14.9,,,2,2.76
AA14399,CAPR2,10,2016,10/26/2016,10/26/2016 8:41,0.004,211.5,,46,0.002,0.001,0.038,8.13,0.1,10.4,,,2,2.49
AA14545,CAPR2,11,2016,11/2/2016,11/2/2016 8:42,0.024,212.9,,56,0.0113,0.001,0.0148,8.09,0.0863,12.5,,,4,2.71
AA14586,CAPR2,11,2016,11/9/2016,11/9/2016 8:41,0.004,210.1,,21,0.002,0.001,0.0129,8.07,0.0775,12.7,,,3,2.29
AA14251,CAPR6,,,10/18/2016,10/18/2016 9:49,0.018,178.4,,0,0.129,0.001,0.0485,7.93,0.083,17.5,,,2,3.14
AA14252,CAPR7,,,10/18/2016,10/18/2016 10:33,0.0263,194.4,,15,0.0759,0.001,0.036,8.12,0.073,17.6,,,2,1.36
AA14253,CAPR8,,,10/18/2016,10/18/2016 11:14,0.0358,169.9,,13,0.0398,0.001,0.0414,8.46,0.104,18.3,,,5,4.44
AA14640,CAPR2,11,2016,11/14/2016,11/14/2016 8:32,0.004,215,,60,0.002,0.001,0.01,6.89,0.015,5.9,,,0.59,1.02
AA14753,CAPR2,11,2016,11/22/2016,11/22/2016 8:46,0.004,221.6,,52,0.002,0.001,0.0086,8.31,0.0557,3.7,,,3,1.99
AA14833,CAPR2,11,2016,11/30/2016,11/30/2016 8:22,0.004,214.6,,11,0.0296,0.001,0.0102,7.1,0.157,8.9,,,3,2.59
AA14984,CAPR2,12,2016,12/7/2016,12/7/2016 8:18,0.004,208.4,,21,0.222,0.001,0.0169,7.49,0.107,6.6,,,4,3.32
AA15062,CAPR2,12,2016,12/12/2016,12/12/2016 8:31,0.0289,183.5,,13,0.575,0.001,0.016,8.37,0.0235,3.7,,,2,2.56
AA14403,CAPR6,,,10/26/2016,10/26/2016 9:51,0.004,197.4,,15,0.002,0.001,0.0506,8.04,0.136,11.5,,,2,2.37
AA14404,CAPR7,,,10/26/2016,10/26/2016 10:37,0.004,214.6,,29,0.002,0.001,0.0326,8.38,0.12,11.2,,,0.59,1.85
AA14405,CAPR8,,,10/26/2016,10/26/2016 11:05,0.004,189.2,,9,0.002,0.001,0.0385,8.17,0.149,11.8,,,5,4.35
AA15170,CAPR2,12,2016,12/19/2016,12/19/2016,0.0227,194,,21,0.398,0.001,0.0108,6.97,0.0179,3.9,,,0.59,2.09
AA15274,CAPR2,12,2016,12/28/2016,12/28/2016 8:53,0.0169,197.9,,4,0.224,0.001,0.011,7.56,0.0331,6.4,,,0.59,1.44
AA15339,CAPR2,1,2017,1/4/2017,1/4/2017 8:51,0.0803,170.9,,228,0.362,0.001,0.0759,7.93,0.085,8.7,,,13,13.5
AA15622,CAPR2,1,2017,1/23/2017,1/23/2017 8:34,0.0157,160.9,,170,0.781,0.001,0.036,8.01,0.0402,8.5,,,3,7.83
AA15676,CAPR2,1,2017,1/25/2017,1/25/2017 8:26,0.025,119.3,,420,1.84,0.001,Scratched,6.3,0.0473,5.9,,,5,12.8
AA14549,CAPR6,,,11/2/2016,11/2/2016 9:55,0.004,198.4,,11,0.022,0.001,0.0153,7.97,0.119,14.6,,,2,2.38
AA14550,CAPR7,,,11/2/2016,11/2/2016 10:45,0.004,218.6,,12,0.012,0.001,0.0094,7.77,0.0951,13.8,,,3,1.65
AA14551,CAPR8,,,11/2/2016,11/2/2016 11:11,0.0112,196.9,,46,0.0106,0.001,0.004,8.01,0.109,14.7,0.19,0.202,3,3.93
AA15743,CAPR2,1,2017,1/30/2017,1/30/2017 8:47,0.004,134.1,,17,1.41,0.001,0.0198,7.01,0.0605,3.4,,,0.59,3.42
AA15794,CAPR2,2,2017,2/1/2017,2/1/2017 8:32,0.004,138.8,,23,1.33,0.001,0.0305,7.36,0.0393,5.4,,,8,7.33
AA15849,CAPR2,2,2017,2/7/2017,2/7/2017 8:33,0.004,151,,44,1.05,0.001,0.0149,7.82,0.0668,6.3,,,0.59,2.03
AA16016,CAPR2,2,2017,2/21/2017,2/21/2017 8:53,0.004,139.5,,60,0.71,0.001,0.0108,6.86,0.0473,7.2,,,4,2.59
AA16052,CAPR2,2,2017,2/23/2017,2/23/2017 8:55,0.004,143.5,,17,0.59,0.001,0.0142,7.89,0.036,11.3,,,3,2.77
AA14590,CAPR6,,,11/9/2016,11/9/2016 10:10,0.004,198.9,,5,0.0248,0.001,0.0245,7.93,0.0644,13.3,,,3,1.75
AA14591,CAPR7,,,11/9/2016,11/9/2016 10:50,0.004,222,,32,0.0209,0.001,0.0108,8.1,0.0518,12.8,,,3,1.55
AA14592,CAPR8,,,11/9/2016,11/9/2016 11:17,0.004,202.8,,12,0.0078,0.001,0.0154,8.13,0.033,13.2,,,5,3.8
AA16100,CAPR2,2,2017,2/28/2017,2/28/2017 8:36,0.004,153.4,,13,0.66,0.001,0.006,6.84,0.0684,7.7,,,3,2.31
AA16118,CAPR2,3,2017,3/1/2017,3/1/2017 8:23,0.004,150.5,,15,0.546,0.001,0.0163,7.82,0.0649,10.3,,,4,3.28
AA16169,CAPR2,3,2017,3/6/2017,3/6/2017 9:04,0.004,151.4,,46,0.486,0.001,0.0127,7.94,0.0474,5.6,,,5,4.14
AA16345,CAPR2,3,2017,3/20/2017,3/20/2017 8:57,0.004,97.3,,12,1.1,0.001,0.0297,7.74,0.0705,5.8,,,7,9.51
AA16478,CAPR2,3,2017,3/28/2017,3/28/2017 8:45,0.004,123.8,,13,0.605,0.001,0.0247,7.72,0.0914,12.6,,,2,3.32
AA14644,CAPR6,,,11/14/2016,11/14/2016 9:48,0.004,202.6,,13,0.0174,0.001,0.0209,8.02,0.029,7.8,,,0.59,1.93
AA14645,CAPR7,,,11/14/2016,11/14/2016 10:24,0.004,212.4,,23,0.0184,0.001,0.0101,8.01,0.0828,9.1,,,0.59,1.43
AA14646,CAPR8,,,11/14/2016,11/14/2016 10:50,0.004,205.1,,40,0.002,0.001,0.005,7.63,0.005,7.4,,,2,2.81
AA16552,CAPR2,4,2017,4/3/2017,4/3/2017 8:57,0.0236,101.1,,21,1.04,0.001,0.0212,7.64,0.111,10.4,,,3,6.59
AA16720,CAPR2,4,2017,4/11/2017,4/11/2017 8:45,0.004,115.4,,12,0.548,0.001,0.0194,7.66,0.0748,13.7,,,4,4.08
AA16805,CAPR2,4,2017,4/17/2017,4/17/2017 8:28,0.004,130,,13,0.287,0.001,0.0293,7.69,0.107,15.9,,,6,3.35
AA16860,CAPR2,4,2017,4/19/2017,4/19/2017 8:28,0.004,134.4,,40,0.261,0.001,0.0435,7.62,0.0855,14.7,,,2,3.99
AA16986,CAPR2,4,2017,4/26/2017,4/26/2017 8:36,0.0384,99.4,,19,0.427,0.001,0.0551,7.73,0.066,13.6,,,17,17.4
AA14757,CAPR6,,,11/22/2016,11/22/2016 9:42,0.004,205.1,,7,0.014,0.001,0.023,8.17,0.0235,3.9,,,2,2.62
AA14758,CAPR7,,,11/22/2016,11/22/2016 10:17,0.0199,223,,0,0.0209,0.001,0.0083,8.32,0.0681,4.1,,,0.59,1.79
AA14759,CAPR8,,,11/22/2016,11/22/2016 10:36,0.0172,205.6,,4,0.002,0.001,0.008,8.45,0.012,5.4,,,3,2.84
AA17124,CAPR2,5,2017,5/3/2017,5/3/2017 9:24,0.0458,103.6,9.16,12,0.374,0.001,0.0292,7.94,0.0549,15.6,,,4,5.02
AA17172,CAPR2,5,2017,5/8/2017,5/8/2017 8:25,0.0383,80.5,11,28,0.813,0.001,0.0435,6.89,0.0672,11.3,,,8,10.8
AA17285,CAPR2,5,2017,5/15/2017,5/15/2017 8:55,0.116,81.5,,165,0.722,0.001,0.0269,7.53,0.0672,14.2,,,15,12.3
AA17326,CAPR2,5,2017,5/22/2017,5/22/2017 8:36,0.004,118.5,,23,0.413,0.001,0.0118,7.98,0.0852,17.4,,,3,4.39
AA17443,CAPR2,5,2017,5/30/2017,5/30/2017 8:55,0.0682,123,,110,0.543,0.001,0.0271,6.79,0.0349,16.7,,,9,7.49
AA14837,CAPR6,,,11/30/2016,11/30/2016 9:18,0.004,204.6,,4,0.0263,0.001,0.0192,7.84,0.03,9.2,,,0.59,2.43
AA14838,CAPR7,,,11/30/2016,11/30/2016 9:53,0.004,221,,13,0.0495,0.001,0.0117,8.04,0.02,8.2,,,3,1.34
AA14839,CAPR8,,,11/30/2016,11/30/2016 10:13,0.004,209.1,,8,0.0191,0.001,0.0116,8.03,0.026,7.7,,,3,3.28
AA17565,CAPR2,6,2017,6/6/2017,6/6/2017 8:51,0.0806,156.5,8.69,64,0.506,0.001,0.023,7.72,0.0587,18.3,,,7,5.55
AA17695,CAPR2,6,2017,6/15/2017,6/15/2017 8:33,0.1,147.3,,13,0.562,0.001,0.016,6.69,0.138,19.9,,,11,11.5
AA17746,CAPR2,6,2017,6/21/2017,6/21/2017 8:40,0.0476,167.7,,180,0.546,0.001,0.004,7.93,0.0567,21.3,,,4,4.65
AA17840,CAPR2,6,2017,6/26/2017,6/26/2017 8:43,0.0548,172.7,,84,0.488,0.001,0.004,7.98,0.0553,20.7,,,4,5.35
AA17902,CAPR2,6,2017,6/28/2017,6/28/2017 8:45,0.0568,174.4,,89,0.382,0.001,0.004,7.65,0.0491,18.3,,,8,7.3
AA14988,CAPR6,,,12/7/2016,12/7/2016 9:11,0.0505,198.4,,23,0.0795,0.001,0.0357,7.97,0.211,6.2,,,6,7.67
AA14989,CAPR7,,,12/7/2016,12/7/2016 9:43,0.004,190,,37,0.187,0.001,0.0225,8.08,0.25,7.6,,,5,4.06
AA14990,CAPR8,,,12/7/2016,12/7/2016 10:00,0.004,186,,24,0.0562,0.001,0.0165,8.1,0.227,5.8,0.066,0.123,4,4.48
AA17947,CAPR2,7,2017,7/6/2017,7/6/2017 9:20,0.0714,177.3,7.73,42,0.219,0.001,0.0393,7.85,0.0484,22.3,,,,3.65
AA18285,CAPR2,7,2017,7/31/2017,7/31/2017 9:09,0.0623,154.6,,36,2.08,0.001,0.087,8.05,0.107,19.3,,,,7.72
AA18356,CAPR2,8,2017,8/7/2017,8/7/2017 8:38,0.025,195.5,8.5,19,0.254,0.001,0.031,8.03,0.114,20,,,,3.32
AA18564,CAPR2,8,2017,8/22/2017,8/22/2017 8:51,0.0622,167.5,,50,0.438,0.001,0.0506,8.14,0.0555,22.4,,,,5.4
AA18647,CAPR2,8,2017,8/28/2017,8/28/2017 9:35,0.0528,189.4,,24,0.16,0.001,0.0284,8.1,0.0507,19.3,,,,5.13
AA15066,CAPR6,,,12/12/2016,12/12/2016 9:28,0.004,186.8,,23,0.24,0.001,0.005,8.14,0.00915,3,,,3,2.62
AA15067,CAPR7,,,12/12/2016,12/12/2016 10:10,0.004,191.9,,66,0.17,0.001,0.005,8.18,0.0125,3.8,,,3,1.66
AA15068,CAPR8,,,12/12/2016,12/12/2016 10:28,0.004,165.8,,35,0.134,0.001,0.005,8.17,0.005,3.5,,,3,3.21
AA18765,CAPR2,9,2017,9/6/2017,9/6/2017 8:57,0.0284,198.3,8.18,46,0.117,0.001,0.0382,7.66,0.044,19,,,,4.36
AA19034,CAPR2,9,2017,9/25/2017,9/25/2017 8:47,0.004,204.9,,32,0.0155,0.001,0.038,8.02,0.103,19.7,,,,2.54
AA19099,CAPR2,9,2017,9/28/2017,9/28/2017 9:02,0.004,205.9,,29,0.002,0.001,0.0274,8.09,0.098,20.6,,,,2.31
AA19135,CAPR2,10,2017,10/3/2017,10/3/2017 9:55,0.004,201.1,,20,0.002,0.001,0.0544,7.91,0.0755,14.6,,,,1.88
AA19336,CAPR2,10,2017,10/18/2017,10/18/2017 8:15,0.0184,215.2,,44,0.002,0.001,0.0245,6.2,0.0937,11.9,,,,2.11
AA15174,CAPR6,,,12/19/2016,12/19/2016,0.0229,181.2,,19,0.246,0.001,0.0147,7.68,0.0221,1.1,,,0.59,2.92
AA15175,CAPR7,,,12/19/2016,12/19/2016,0.0136,194.3,,12,0.242,0.001,0.0085,8.07,0.02,2.1,,,0.59,2.59
AA15176,CAPR8,,,12/19/2016,12/19/2016,0.0226,176.8,,107,0.273,0.001,0.0108,8.06,0.0448,1.3,,,2,3.02
AA19501,CAPR2,10,2017,10/26/2017,10/26/2017 8:53,0.0448,208.2,,13,0.0942,0.001,0.0228,6.58,0.085,12,,,,2.33
AA19565,CAPR2,11,2017,11/1/2017,11/1/2017 9:51,0.0293,152.7,,15,1.89,0.001,0.0541,7.14,0.123,10.1,,,,6.73
AA19859,CAPR2,11,2017,11/28/2017,11/28/2017 9:06,0.0163,179.7,,,0.275,0.001,0.0203,7.28,0.028,5.8,,,,1.15
AA19923,CAPR2,12,2017,12/5/2017,12/5/2017 8:46,0.024,185.4,,19,0.169,0.001,0.004,8.49,0.005,7.1,,,,1.18
AA20139,CAPR2,12,2017,12/20/2017,12/20/2017 8:43,0.004,189.9,,27,0.216,0.001,0.004,7.84,0.0361,6.4,,,,1.53
AA15278,CAPR6,,,12/28/2016,12/28/2016 9:45,0.004,181.5,,4,0.0581,0.001,0.014,8.1,0.0285,5.6,,,0.59,2.43
AA15279,CAPR7,,,12/28/2016,12/28/2016 10:22,0.004,197.9,,19,0.0399,0.001,0.0084,8.17,0.0406,5.6,,,3,1.72
AA15280,CAPR8,,,12/28/2016,12/28/2016 10:40,0.004,171.5,,5,0.12,0.001,0.0158,8.24,0.0235,5.9,,,2,2.03
AA12390,CAPR3,7,2016,7/6/2016,7/6/2016 9:57,0.0525,172.2,8.73,25,0.445,0.001,0.0606,7.9,0.848,24.3,,,7,7.59
AA12493,CAPR3,7,2016,7/11/2016,7/11/2016 10:34,0.0381,192.8,,48,0.209,0.001,0.0524,8.01,0.185,22.9,,,3,4.84
AA12634,CAPR3,7,2016,7/14/2016,7/14/2016 8:40,0.0335,186.8,,165,0.188,0.001,0.0543,7.72,0.187,25,,,6,5.77
AA12659,CAPR3,7,2016,7/18/2016,7/18/2016 9:00,0.004,189.2,,19,0.222,0.001,0.004,8.12,0.00781,25,,,6,4.82
AA12834,CAPR3,7,2016,7/25/2016,7/25/2016 8:38,0.004,176.9,,37,0.0969,0.001,0.0239,7.89,0.319,25.5,,,2,3.6
AA15343,CAPR6,,,1/4/2017,1/4/2017 9:46,0.161,130.7,,210,0.373,0.001,0.038,7.93,0.0569,7,,,17,24.4
AA15344,CAPR7,,,1/4/2017,1/4/2017 10:28,0.162,145.3,,220,0.654,0.001,0.039,8.08,0.0446,8.4,,,18,23.2
AA15345,CAPR8,,,1/4/2017,1/4/2017 10:50,0.0458,155.5,,89,0.165,0.001,0.0358,8.34,0.0765,7.9,0.241,0.407,19,22.2
AA12955,CAPR3,8,2016,8/1/2016,8/1/2016 9:08,0.0497,139.9,8.39,37,0.356,0.001,0.0775,7.74,0.159,24.1,,,10,14
AA13025,CAPR3,8,2016,8/8/2016,8/8/2016 9:27,0.004,198,,42,0.2,0.001,0.052,8.11,0.195,23.7,,,3,4.02
AA13179,CAPR3,8,2016,8/15/2016,8/15/2016 8:49,0.0681,195.6,,27,0.169,0.001,0.0579,7.85,0.067,26.2,,,0.59,3.8
AA13267,CAPR3,8,2016,8/17/2016,8/17/2016 8:30,0.0406,188.8,,25,0.175,0.001,0.0612,8.11,0.515,25.7,,,4,5.07
AA15399,CAPR6,,,1/9/2017,1/9/2017 9:48,0.004,146.7,,9,0.971,0.001,0.0233,7.82,0.0348,0.1,,,0.59,6.43
AA15400,CAPR8,,,1/9/2017,1/9/2017 10:45,0.004,133,,5,1.05,0.001,0.0214,7.99,0.0267,0.9,,,0.59,6.58
AA13369,CAPR3,8,2016,8/24/2016,8/24/2016 8:39,0.004,183.2,,37,0.157,0.001,0.0606,7.96,0.141,20.7,,,6,5.07
AA13546,CAPR3,9,2016,9/7/2016,9/7/2016 9:02,0.004,183.8,7.59,33,0.0268,0.001,0.0399,7.84,0.189,23,,,3,2.91
AA13585,CAPR3,9,2016,9/12/2016,9/12/2016 9:39,0.004,186.3,,25,0.0334,0.001,0.0483,8.04,0.061,20.7,,,4,3.17
AA13723,CAPR3,9,2016,9/19/2016,9/19/2016 9:08,0.0104,183.8,,24,0.0488,0.001,0.005,7.79,0.01,21.5,,,4,3.6
AA13769,CAPR3,9,2016,9/22/2016,9/22/2016 8:38,0.004,243,,70,0.0401,0.001,0.0292,7.91,0.169,20.5,,,2,3.53
AA15626,CAPR6,,,1/23/2017,1/23/2017 9:35,0.159,139.7,,100,0.461,0.001,0.038,7.89,0.0422,8.2,,,13,26.5
AA15627,CAPR7,,,1/23/2017,1/23/2017 10:14,0.0345,169.9,,150,0.484,0.001,0.0381,7.88,0.0406,8.8,,,10,12.9
AA15628,CAPR8,,,1/23/2017,1/23/2017 10:45,0.004,134.7,,93,0.517,0.001,0.0188,8.06,0.0269,9.5,,,5,4.66
AA13858,CAPR3,9,2016,9/28/2016,9/28/2016 8:33,0.004,205.8,,42,0.002,0.001,0.0663,7.46,0.126,18.3,,,3,2.52
AA13916,CAPR3,10,2016,10/3/2016,10/3/2016 9:18,0.0507,176.1,,25,0.61,0.001,0.041,6.84,0.049,17.5,,,7,7.11
AA13979,CAPR3,10,2016,10/5/2016,10/5/2016 9:07,0.0181,181.5,,24,0.626,0.001,0.036,7.01,0.093,17,,,7,5.19
AA14103,CAPR3,10,2016,10/12/2016,10/12/2016 8:34,0.0195,161.9,,36,0.764,0.001,0.023,6.82,0.03,12.4,,,3,4.89
AA14248,CAPR3,10,2016,10/18/2016,10/18/2016 8:46,0.0223,179.5,,17,0.143,0.001,0.0413,7.11,0.104,15,,,3,3.06
AA15680,CAPR6,,,1/25/2017,1/25/2017 9:31,0.105,98.2,,129,1.22,0.001,Scratched,7.2,0.0686,7.6,,,23,29.1
AA15681,CAPR7,,,1/25/2017,1/25/2017 10:31,0.102,97,,160,1.06,0.001,Scratched,7.7,0.0932,8.1,,,37,29.3
AA15682,CAPR8,,,1/25/2017,1/25/2017 10:50,0.259,96.6,,91,1.13,0.001,Scratched,7.46,0.109,7.3,,,48,53.2
AA14400,CAPR3,10,2016,10/26/2016,10/26/2016 8:55,0.004,191,,20,0.002,0.001,0.0402,8.05,0.124,10,,,2,2.66
AA14546,CAPR3,11,2016,11/2/2016,11/2/2016 8:58,0.004,197.7,,23,0.012,0.001,0.0135,7.98,0.0827,12.4,,,3,3.19
AA14587,CAPR3,11,2016,11/9/2016,11/9/2016 9:04,0.004,194.6,,28,0.0187,0.001,0.0174,8.04,0.0705,12,,,2,2.63
AA14641,CAPR3,11,2016,11/14/2016,11/14/2016 8:47,0.004,199.8,,28,0.002,0.001,0.0107,7.34,0.014,5.5,,,2,2.3
AA14754,CAPR3,11,2016,11/22/2016,11/22/2016 9:02,0.019,200.8,,25,0.0068,0.001,0.0116,8.24,0.0767,3.5,,,2,3.22
AA15747,CAPR6,,,1/30/2017,1/30/2017 9:55,0.004,116.7,,40,1,0.001,0.0212,8.29,0.051,4.4,,,2,4.7
AA15748,CAPR7,,,1/30/2017,1/30/2017 10:40,0.004,114.3,,46,0.808,0.001,0.0216,8.21,0.0402,4.6,,,2,4.34
AA15749,CAPR8,,,1/30/2017,1/30/2017 11:03,0.004,108.3,,12,0.966,0.001,0.024,8.09,0.0415,4.5,,,5,6.79
AA14834,CAPR3,11,2016,11/30/2016,11/30/2016 8:35,0.004,193.7,,25,0.0115,0.001,0.0141,7.64,0.123,7.4,,,3,3.21
AA14985,CAPR3,12,2016,12/7/2016,12/7/2016 8:32,0.004,184.5,,7,0.094,0.001,0.0218,7.85,0.143,5.9,,,6,5.61
AA15063,CAPR3,12,2016,12/12/2016,12/12/2016 8:44,0.004,170.7,,8,0.437,0.001,0.005,8.21,0.0108,3.2,,,3,2.71
AA15171,CAPR3,12,2016,12/19/2016,12/19/2016,0.0234,156.3,,4,0.275,0.001,0.0121,6.91,0.0171,0.6,,,2,2.35
AA15275,CAPR3,12,2016,12/28/2016,12/28/2016 9:06,0.004,178.8,,3,0.0693,0.001,0.0127,7.91,0.0163,5.3,,,2,2.37
AA15798,CAPR6,,,2/1/2017,2/1/2017 9:23,0.004,120.5,,31,0.924,0.001,0.0304,7.77,0.0451,5,0.341,1.27,4,4.36
AA15799,CAPR7,,,2/1/2017,2/1/2017 10:05,0.004,125.1,,28,0.774,0.001,0.0276,7.73,0.0303,4.8,,,0.59,3.8
AA15800,CAPR8,,,2/1/2017,2/1/2017 10:25,0.004,112.7,,4,0.906,0.001,0.0306,7.78,0.0494,4.2,,,4,3.74
AA15340,CAPR3,1,2017,1/4/2017,1/4/2017 9:04,0.109,137,,145,0.425,0.001,0.038,7.97,0.0453,7.8,,,15,21.4
AA15396,CAPR3,1,2017,1/9/2017,1/9/2017 8:43,0.004,94.6,,9,1.05,0.001,0.0146,7.94,0.0402,0.1,,,0.59,3.41
AA15623,CAPR3,1,2017,1/23/2017,1/23/2017 8:50,0.004,141,,105,0.575,0.001,0.0248,7.83,0.0465,8.2,,,6,6.46
AA15677,CAPR3,1,2017,1/25/2017,1/25/2017 8:42,0.0471,105.5,,125,1.46,0.001,Scratched,6.15,0.0544,5.8,,,11,17.8
AA15744,CAPR3,1,2017,1/30/2017,1/30/2017 9:04,0.004,116.1,,20,1.1,0.001,0.0204,7.27,0.0677,3.4,,,4,4.02
AA15853,CAPR6,,,2/7/2017,2/7/2017 9:39,0.004,134.3,,46,0.7,0.001,0.021,7.62,0.0594,6.4,,,2,2.86
AA15854,CAPR7,,,2/7/2017,2/7/2017 10:38,0.004,144.6,,44,0.6,0.001,0.0138,8.04,0.0839,6.7,,,3,2.38
AA15855,CAPR8,,,2/7/2017,2/7/2017 11:04,0.004,129.1,,27,0.718,0.001,0.0139,8.12,0.108,5.2,,,3,2.81
AA15795,CAPR3,2,2017,2/1/2017,2/1/2017 8:45,0.004,125.5,,11,0.998,0.001,0.0303,7.59,0.0485,4.1,,,2,3.34
AA15850,CAPR3,2,2017,2/7/2017,2/7/2017 8:52,0.004,133.6,,42,0.783,0.001,0.0171,7.93,0.0659,6.4,,,0.59,2.7
AA16017,CAPR3,2,2017,2/21/2017,2/21/2017 9:11,0.004,127.3,,24,0.529,0.001,0.0126,7.01,0.031,7.9,,,0.59,3.34
AA16053,CAPR3,2,2017,2/23/2017,2/23/2017 9:07,0.004,123.6,,21,0.441,0.001,0.0132,8.06,0.027,11.9,,,4,3.16
AA16101,CAPR3,2,2017,2/28/2017,2/28/2017 8:56,0.004,138.1,,25,0.431,0.001,0.0052,7.36,0.0576,7.1,,,2,3.04
AA16020,CAPR6,,,2/21/2017,2/21/2017 9:57,0.004,130.9,,11,0.472,0.001,0.0131,7.1,0.0245,9.1,,,5,3.33
AA16021,CAPR7,,,2/21/2017,2/21/2017 10:33,0.004,139.9,,27,0.389,0.001,0.0059,7.97,0.0286,9.5,,,0.59,3.03
AA16022,CAPR8,,,2/21/2017,2/21/2017 10:54,0.004,117.8,,44,0.477,0.001,0.0117,7.38,0.0243,8.7,,,3,3.9
AA16119,CAPR3,3,2017,3/1/2017,3/1/2017 8:35,0.004,135.9,,31,0.393,0.001,0.0111,8.09,0.0583,9.7,,,5,3.69
AA16170,CAPR3,3,2017,3/6/2017,3/6/2017 9:17,0.004,139.8,,21,0.376,0.001,0.0108,8.21,0.0439,5.4,,,2,2.64
AA16346,CAPR3,3,2017,3/20/2017,3/20/2017 9:13,0.068,99.4,,15,1.01,0.001,0.0441,7.32,0.0751,5.7,,,15,14.5
AA16479,CAPR3,3,2017,3/28/2017,3/28/2017 9:00,0.004,133.3,,23,0.585,0.001,0.0268,7.7,0.103,13.1,,,4,5.17
AA16553,CAPR3,4,2017,4/3/2017,4/3/2017 9:11,0.0472,96.2,,44,0.898,0.001,0.0271,7.7,0.119,10.2,,,10,10.7
AA16056,CAPR6,,,2/23/2017,2/23/2017 9:45,0.004,127.1,,11,0.383,0.001,0.0124,7.91,0.016,12.3,,,4,3.86
AA16057,CAPR7,,,2/23/2017,2/23/2017 10:19,0.004,129,,17,0.303,0.001,0.015,8.02,0.018,14.1,,,4,2.12
AA16058,CAPR8,,,2/23/2017,2/23/2017 10:40,0.004,115.9,,13,0.368,0.001,0.009,8.09,0.022,13.9,,,6,4.26
AA16721,CAPR3,4,2017,4/11/2017,4/11/2017 9:00,0.004,106.8,,23,0.414,0.001,0.0229,7.86,0.0697,13.6,,,4,4.73
AA16806,CAPR3,4,2017,4/17/2017,4/17/2017 8:43,0.004,115.9,,32,0.185,0.001,0.0242,7.8,0.0815,17,,,5,3.82
AA16861,CAPR3,4,2017,4/19/2017,4/19/2017 8:45,0.004,117.1,,27,0.175,0.001,0.0217,7.93,0.0638,15.5,,,2,4.63
AA16987,CAPR3,4,2017,4/26/2017,4/26/2017 8:53,0.0787,90.4,,19,0.281,0.001,0.0652,7.09,0.069,13.6,,,36,25.7
AA17125,CAPR3,5,2017,5/3/2017,5/3/2017 9:39,0.0365,98.2,9.85,28,0.251,0.001,0.0199,8.03,0.0451,15.2,,,5,5.15
AA16104,CAPR6,,,2/28/2017,2/28/2017 9:45,0.004,140.5,,15,0.334,0.001,0.0101,7.09,0.0678,8.3,,,3,3.23
AA16105,CAPR7,,,2/28/2017,2/28/2017 10:30,0.004,149.1,,17,0.238,0.001,0.0054,8.16,0.0655,8.1,,,2,1.83
AA16106,CAPR8,,,2/28/2017,2/28/2017 10:52,0.004,136.7,,11,0.295,0.001,0.004,6.8,0.0795,8.2,,,2,2.86
AA17173,CAPR3,5,2017,5/8/2017,5/8/2017 8:45,0.0496,73.9,11,50,0.696,0.001,0.0451,7.35,0.0617,10.9,,,14,13.9
AA17286,CAPR3,5,2017,5/15/2017,5/15/2017 9:10,0.606,72.5,,84,0.623,0.001,0.0253,7.85,0.063,13.2,,,13,11.2
AA17327,CAPR3,5,2017,5/22/2017,5/22/2017 8:54,0.004,108.7,,23,0.292,0.001,0.019,8.15,0.0901,17.6,,,6,4.63
AA17444,CAPR3,5,2017,5/30/2017,5/30/2017 9:10,0.0596,106.7,,145,0.541,0.001,0.0262,6.95,0.0352,16.5,,,10,8.5
AA17566,CAPR3,6,2017,6/6/2017,6/6/2017 9:12,0.0399,134,9.47,44,0.315,0.001,0.0142,7.75,0.0433,18.7,,,4,3.77
AA16122,CAPR6,,,3/1/2017,3/1/2017 9:13,0.004,141.5,,25,0.329,0.001,0.0153,7.92,0.0817,10.4,,,2,3.01
AA16123,CAPR7,,,3/1/2017,3/1/2017 9:49,0.004,154.4,,16,0.211,0.001,0.01,8.33,0.04,9.9,,,3,1.98
AA16124,CAPR8,,,3/1/2017,3/1/2017 10:10,0.004,131.6,,13,0.224,0.001,0.0141,8.41,0.058,11.4,0.448,0.673,4,4.72
AA17696,CAPR3,6,2017,6/15/2017,6/15/2017 8:45,0.0826,154.3,,36,0.352,0.001,0.012,7.04,0.136,22.3,,,4,4.02
AA17747,CAPR3,6,2017,6/21/2017,6/21/2017 8:58,0.0468,159,,190,0.535,0.001,0.004,7.92,0.0394,21.7,,,3,4.76
AA17841,CAPR3,6,2017,6/26/2017,6/26/2017 8:56,0.0611,151.7,,44,0.34,0.001,0.004,8.01,0.0535,21,,,3,5.03
AA17903,CAPR3,6,2017,6/28/2017,6/28/2017 9:00,0.049,162.1,,42,0.324,0.001,0.004,7.91,0.0403,18.5,,,2,4.18
AA17948,CAPR3,7,2017,7/6/2017,7/6/2017 9:40,0.004,161.8,7.27,60,0.272,0.001,0.0264,7.88,0.041,23.5,,,,3.59
AA16173,CAPR6,,,3/6/2017,3/6/2017 10:00,0.004,147.3,,16,0.343,0.001,0.0142,7.89,0.0589,5.3,,,0.59,2.17
AA16174,CAPR7,,,3/6/2017,3/6/2017 10:35,0.004,149.6,,27,0.16,0.001,0.0097,8.15,0.0697,6.6,,,0.59,1.78
AA16175,CAPR8,,,3/6/2017,3/6/2017 10:55,0.004,133.4,,13,0.175,0.001,0.0095,8.16,0.0545,5.9,,,3,2.98
AA18286,CAPR3,7,2017,7/31/2017,7/31/2017 9:20,0.109,151.5,,21,2.53,0.001,0.023,7.99,0.0488,20.1,,,,11
AA18357,CAPR3,8,2017,8/7/2017,8/7/2017 8:55,0.02,183.2,7.55,28,0.205,0.001,0.023,7.9,0.116,20.8,,,,2.35
AA18565,CAPR3,8,2017,8/22/2017,8/22/2017 9:03,0.0319,170.5,,27,0.361,0.001,0.0338,8.05,0.0348,23,,,,2.95
AA18648,CAPR3,8,2017,8/28/2017,8/28/2017 9:49,0.0307,177.4,,23,0.11,0.001,0.022,7.67,0.0494,19.7,,,,1.14
AA18766,CAPR3,9,2017,9/6/2017,9/6/2017 9:10,0.0186,188.1,7.81,52,0.0847,0.001,0.0223,7.74,0.0294,19,,,,2.02
AA16349,CAPR6,,,3/20/2017,3/20/2017 10:04,0.041,114.8,,44,0.606,0.001,0.0371,8.11,0.0672,6.9,,,13,16.3
AA16350,CAPR7,,,3/20/2017,3/20/2017 10:42,0.0323,133.9,,15,0.552,0.001,0.0351,8.06,0.0671,7,,,13,12.6
AA16351,CAPR8,,,3/20/2017,3/20/2017 11:03,0.0867,94.8,,11,0.609,0.001,0.059,8.01,0.0735,7.2,,,25,23.8
AA19035,CAPR3,9,2017,9/25/2017,9/25/2017 9:05,0.004,195.3,,21,0.0464,0.001,0.024,8.07,0.0893,20.4,,,,1.74
AA19100,CAPR3,9,2017,9/28/2017,9/28/2017 9:19,0.004,198.3,,15,0.002,0.001,0.0263,8.05,0.1,21.2,,,,1.78
AA19136,CAPR3,10,2017,10/3/2017,10/3/2017 10:08,0.004,194.7,,54,0.002,0.001,0.0264,7.87,0.0669,15.2,,,,1.16
AA19337,CAPR3,10,2017,10/18/2017,10/18/2017 8:32,0.0127,202,,35,0.0108,0.001,0.0192,6.73,0.073,12,,,,1.64
AA19502,CAPR3,10,2017,10/26/2017,10/26/2017 9:08,0.0335,190.6,,1,0.0352,0.001,0.0198,7.1,0.0814,12.1,,,,1.96
AA16482,CAPR6,,,3/28/2017,3/28/2017 9:45,0.004,123.7,,16,0.451,0.001,0.0202,7.73,0.103,12.9,,,3,4.33
AA16483,CAPR7,,,3/28/2017,3/28/2017 10:20,0.004,126.8,,17,0.417,0.001,0.0209,7.88,0.0727,12.9,,,6,5.67
AA16484,CAPR8,,,3/28/2017,3/28/2017 10:40,0.004,112.4,,11,0.497,0.001,0.015,7.86,0.0706,13,,,5,4.31
AA19566,CAPR3,11,2017,11/1/2017,11/1/2017 9:10,0.0427,140.8,,20,1.46,0.001,0.0599,7.63,0.12,10,,,,9.2
AA19860,CAPR3,11,2017,11/28/2017,11/28/2017 9:20,0.0111,167.8,,,0.351,0.001,0.011,6.91,0.017,4.9,,,,1.23
AA19924,CAPR3,12,2017,12/5/2017,12/5/2017 9:01,0.0284,173.8,,31,0.0415,0.001,0.004,8.29,0.005,7.2,,,,1.6
AA20140,CAPR3,12,2017,12/20/2017,12/20/2017 8:58,0.0147,179.6,,9,0.0901,0.001,0.006,7.87,0.0362,4.8,,,,1.16
AA12391,CAPR4,7,2016,7/6/2016,7/6/2016 10:12,0.0364,165.9,9.17,23,0.414,0.001,0.0664,7.95,0.807,24.3,,,6,5.61
AA16556,CAPR6,,,4/3/2017,4/3/2017 9:51,0.0487,96.9,,12,0.792,0.001,0.032,7.7,0.132,11.6,0.366,1.16,9,12.3
AA16557,CAPR7,,,4/3/2017,4/3/2017 10:27,0.0461,103.1,,21,0.649,0.001,0.0255,7.94,0.128,12.1,,,10,8.14
AA16558,CAPR8,,,4/3/2017,4/3/2017 10:50,0.0602,90.4,,18,0.712,0.001,0.0326,7.92,0.129,12.9,,,17,16.4
AA12494,CAPR4,7,2016,7/11/2016,7/11/2016 10:03,0.004,184.4,,28,0.127,0.001,0.0329,8.21,0.173,24,,,0.59,3.07
AA12635,CAPR4,7,2016,7/14/2016,7/14/2016 8:56,0.004,181.2,,268,0.0555,0.001,0.035,7.82,0.208,26.3,,,3,3.97
AA12660,CAPR4,7,2016,7/18/2016,7/18/2016 9:17,0.027,186.2,,35,0.097,0.001,0.004,8.31,0.0212,25.9,,,4,2.29
AA12835,CAPR4,7,2016,7/25/2016,7/25/2016 8:54,0.004,174.8,,54,0.002,0.001,0.051,7.99,0.315,26.2,,,8,5.56
AA12956,CAPR4,8,2016,8/1/2016,8/1/2016 9:28,0.0341,130.9,8.52,48,0.287,0.001,0.0567,7.83,0.158,24.3,,,5,10.4
AA16724,CAPR6,,,4/11/2017,4/11/2017 9:45,0.004,110.4,,12,0.347,0.001,0.0197,7.82,0.0668,14.8,,,4,4.86
AA16725,CAPR7,,,4/11/2017,4/11/2017 10:15,0.004,113.6,,32,0.264,0.001,0.0166,7.98,0.0911,14.5,,,3,2.97
AA16726,CAPR8,,,4/11/2017,4/11/2017 10:40,0.004,96.3,,9,0.344,0.001,0.0179,7.9,0.0638,14.9,,,3,4.63
AA13026,CAPR4,8,2016,8/8/2016,8/8/2016 9:41,0.004,186.6,,23,0.004,0.001,0.031,8.35,0.111,24.3,,,0.59,1.63
AA13180,CAPR4,8,2016,8/15/2016,8/15/2016 9:03,0.0276,187.8,,19,0.0614,0.001,0.0327,7.94,0.043,27,,,0.59,2.24
AA13268,CAPR4,8,2016,8/17/2016,8/17/2016 8:45,0.0257,184,,21,0.0772,0.001,0.0117,8.05,0.529,26.5,,,0.59,2.83
AA13370,CAPR4,8,2016,8/24/2016,8/24/2016 8:54,0.004,181.6,,32,0.0418,0.001,0.0364,8,0.132,22.2,,,0.59,1.84
AA13547,CAPR4,9,2016,9/7/2016,9/7/2016 9:17,0.004,181.7,7.54,11,0.002,0.001,0.0349,7.97,0.254,23.1,,,0.59,1.4
AA16809,CAPR6,,,4/17/2017,4/17/2017 8:25,0.0234,120.7,,25,0.109,0.001,0.0272,7.83,0.0958,17.6,,,5,4.88
AA16810,CAPR7,,,4/17/2017,4/17/2017 10:02,0.0225,132.1,,15,0.121,0.001,0.0383,7.79,0.149,17.1,,,12,6.56
AA16811,CAPR8,,,4/17/2017,4/17/2017 10:30,0.004,114,,20,0.0967,0.001,0.0162,7.88,0.0794,17.8,,,7,3.86
AA13586,CAPR4,9,2016,9/12/2016,9/12/2016 9:54,0.004,180.3,,13,0.002,0.001,0.0201,8.12,0.061,21.1,,,3,1.01
AA13724,CAPR4,9,2016,9/19/2016,9/19/2016 9:27,0.0359,184.3,,35,0.002,0.001,0.005,7.06,0.005,21.8,,,5,1.72
AA13770,CAPR4,9,2016,9/22/2016,9/22/2016 8:53,0.004,211.9,,20,0.00488,0.001,0.0186,8.03,0.148,21,,,0.59,1.58
AA13859,CAPR4,9,2016,9/28/2016,9/28/2016 8:49,0.004,204.3,,32,0.002,0.001,0.0468,7.62,0.102,18.6,,,0.59,0.95
AA13917,CAPR4,10,2016,10/3/2016,10/3/2016 9:39,0.0506,172.1,,35,0.432,0.001,0.038,7.68,0.041,17.8,,,0.59,5.53
AA16864,CAPR6,,,4/19/2017,4/19/2017 9:25,0.004,123.1,,27,0.103,0.001,0.0262,7.96,0.0738,15.7,,,5,4.63
AA16865,CAPR7,,,4/19/2017,4/19/2017 10:02,0.004,128.5,,35,0.112,0.001,0.0417,8,0.111,15.4,,,2,4.45
AA16866,CAPR8,,,4/19/2017,4/19/2017 10:25,0.004,114.8,,19,0.0989,0.001,0.0167,8.02,0.0648,16.4,,,2,3.86
AA13980,CAPR4,10,2016,10/5/2016,10/5/2016 9:25,0.0191,175.5,,15,0.504,0.001,0.025,6.83,0.073,17.4,,,0.59,3.7
AA14104,CAPR4,10,2016,10/12/2016,10/12/2016 8:49,0.004,161,,13,0.708,0.001,0.012,6.85,0.026,12.7,,,3,2.87
AA14249,CAPR4,10,2016,10/18/2016,10/18/2016 9:04,0.004,175.6,,31,0.0781,0.001,0.0344,7.16,0.089,15.8,,,2,1.89
AA14401,CAPR4,10,2016,10/26/2016,10/26/2016 9:12,0.004,189.9,,36,0.002,0.001,0.0331,7.78,0.137,9.7,,,0.59,1.38
AA14547,CAPR4,11,2016,11/2/2016,11/2/2016 9:14,0.004,195.2,,23,0.013,0.001,0.0103,7.88,0.0858,12.6,,,0.59,1.73
AA16990,CAPR6,,,4/26/2017,4/26/2017 9:56,0.0754,98.7,,7,0.216,0.001,0.0673,8.18,0.07,14.5,,,43,34
AA16991,CAPR7,,,4/26/2017,4/26/2017 10:46,0.0623,113.5,,13,0.181,0.001,0.062,7.89,0.0769,15.3,,,38,27.7
AA16992,CAPR8,,,4/26/2017,4/26/2017 11:04,0.004,109.5,,24,0.154,0.114,0.0274,8.01,0.0381,15.3,,,14,9.53
AA14588,CAPR4,11,2016,11/9/2016,11/9/2016 9:21,0.004,195,,21,0.002,0.001,0.0185,7.86,0.047,11.8,,,3,2.43
AA14642,CAPR4,11,2016,11/14/2016,11/14/2016 9:04,0.0432,201.5,,11,0.0103,0.001,0.0106,7.81,0.0162,5.7,,,2,2.58
AA14755,CAPR4,11,2016,11/22/2016,11/22/2016 9:17,0.0151,204,,9,0.00877,0.001,0.0115,8.04,0.0506,2.2,,,2,3.1
AA14835,CAPR4,11,2016,11/30/2016,11/30/2016 8:50,0.004,188.5,,42,0.00602,0.001,0.0132,6.9,0.0782,8,,,0.59,2.58
AA14986,CAPR4,12,2016,12/7/2016,12/7/2016 8:45,0.004,174.2,,11,0.0675,0.001,0.0219,7.91,0.184,6.1,,,4,4.22
AA17128,CAPR6,,,5/3/2017,5/3/2017 10:28,0.0551,101.4,9.88,12,0.227,0.001,0.0277,7.91,0.037,15.6,,,5,8.42
AA17129,CAPR7,,,5/3/2017,5/3/2017 11:00,0.0593,106.8,10.2,16,0.223,0.001,0.0253,7.96,0.0499,15.2,,,4,4.95
AA17130,CAPR8,,,5/3/2017,5/3/2017 11:33,0.0948,90.7,9.46,28,0.337,0.001,0.0465,8.15,0.0523,16.6,0.31,0.648,12,15.5
AA15064,CAPR4,12,2016,12/12/2016,12/12/2016 8:58,0.004,168.1,,5,0.38,0.001,0.0149,8.09,0.0181,3.7,,,4,2.88
AA15172,CAPR4,12,2016,12/19/2016,12/19/2016,0.0262,171,,9,0.282,0.001,0.0101,6.81,0.0268,1,,,2,2.42
AA15276,CAPR4,12,2016,12/28/2016,12/28/2016 9:19,0.004,175.6,,13,0.0481,0.001,0.0093,8.04,0.0259,5.2,,,0.59,2.2
AA15341,CAPR4,1,2017,1/4/2017,1/4/2017 9:20,0.0728,124.9,,130,0.277,0.001,0.03,8.19,0.0402,7.2,,,10,12.7
AA15397,CAPR4,1,2017,1/9/2017,1/9/2017 9:00,0.004,136.4,,20,1.03,0.001,0.0165,7.85,0.0216,0.3,,,0.59,3.23
AA17176,CAPR6,,,5/8/2017,5/8/2017 9:40,0.046,76.5,11,11,0.657,0.001,0.0446,7.61,0.0811,11.8,,,14,16.3
AA17177,CAPR7,,,5/8/2017,5/8/2017 10:15,0.0235,80.9,10.8,15,0.583,0.001,0.0441,7.76,0.0598,12.2,,,14,14.9
AA17178,CAPR8,,,5/8/2017,5/8/2017 10:42,0.0753,113.4,10.8,33,0.655,0.001,0.0572,7.65,0.0648,12.8,,,26,24.5
AA15624,CAPR4,1,2017,1/23/2017,1/23/2017 9:05,0.133,129.3,,125,0.482,0.001,0.048,7.88,0.0631,8.4,,,25,26.1
AA15678,CAPR4,1,2017,1/25/2017,1/25/2017 9:00,0.048,99,,185,1.35,0.001,Scratched,6.2,0.0603,6.1,,,15,19.5
AA15745,CAPR4,1,2017,1/30/2017,1/30/2017 9:21,0.004,110.6,,32,1.05,0.001,0.0211,7.84,0.0556,4,,,0.59,3.99
AA15796,CAPR4,2,2017,2/1/2017,2/1/2017 8:58,0.004,116.3,,31,0.959,0.001,0.0281,7.78,0.035,4.9,,,6,3.76
AA15851,CAPR4,2,2017,2/7/2017,2/7/2017 9:09,0.004,128.4,,50,0.755,0.001,0.0265,7.92,0.0646,5.7,,,3,4.51
AA17289,CAPR6,,,5/15/2017,5/15/2017 9:50,0.0673,73.6,,106,0.588,0.001,0.0244,7.95,0.0502,14.1,,,16,17.9
AA17290,CAPR7,,,5/15/2017,5/15/2017 10:25,0.0834,80.8,,66,0.574,0.001,0.0261,8.02,0.0382,14.8,,,16,13.4
AA17291,CAPR8,,,5/15/2017,5/15/2017 10:50,0.0858,67.7,,91,0.509,0.001,0.0237,7.91,0.0527,14.9,,,26,22.2
AA16018,CAPR4,2,2017,2/21/2017,2/21/2017 9:26,0.004,130.4,,42,0.506,0.001,0.0101,6.78,0.0273,8.2,,,4,2.92
AA16054,CAPR4,2,2017,2/23/2017,2/23/2017 9:20,0.004,126,,44,0.377,0.001,0.0135,7.94,0.029,10.9,,,4,3.4
AA16102,CAPR4,2,2017,2/28/2017,2/28/2017 9:12,0.004,134.8,,33,0.393,0.001,0.004,6.89,0.0757,8.1,,,0.59,2.35
AA16120,CAPR4,3,2017,3/1/2017,3/1/2017 8:50,0.004,130,,64,0.333,0.001,0.005,8.1,0.0605,9.7,,,3,3.19
AA16171,CAPR4,3,2017,3/6/2017,3/6/2017 9:32,0.004,138.9,,33,0.372,0.001,0.0084,8.04,0.0502,5.6,,,3,1.68
AA17330,CAPR6,,,5/22/2017,5/22/2017 9:52,0.004,107.3,,23,0.195,0.001,0.0092,8.04,0.0623,18.8,,,8,5.97
AA17331,CAPR7,,,5/22/2017,5/22/2017 10:28,0.004,117.3,,28,0.202,0.001,0.0181,8.22,0.0645,18.1,,,5,4.08
AA17332,CAPR8,,,5/22/2017,5/22/2017 10:49,0.004,103.1,,8,0.172,0.001,0.0082,8.26,0.0684,19,,,7,5.93
AA16347,CAPR4,3,2017,3/20/2017,3/20/2017 9:32,0.0472,100.4,,25,0.884,0.001,0.0443,6.86,0.0864,6.6,,,14,12.8
AA16480,CAPR4,3,2017,3/28/2017,3/28/2017 9:15,0.004,115.2,,112,0.643,0.001,0.0237,7.76,0.0758,12.9,,,5,3.79
AA16554,CAPR4,4,2017,4/3/2017,4/3/2017 9:25,0.0462,93,,39,0.852,0.001,0.0239,7.6,0.154,10.8,,,9,10.8
AA16722,CAPR4,4,2017,4/11/2017,4/11/2017 9:15,0.004,107.1,,28,0.399,0.001,0.0236,7.86,0.0751,13.6,,,4,6.18
AA16807,CAPR4,4,2017,4/17/2017,4/17/2017 8:58,0.004,115.6,,32,0.147,0.001,0.0201,7.53,0.1,17,,,7,5.13
AA17447,CAPR6,,,5/30/2017,5/30/2017 9:50,0.0546,105.1,,76,0.455,0.001,0.0187,7.53,0.0217,19.8,,,9,8.3
AA17448,CAPR7,,,5/30/2017,5/30/2017 10:25,0.0642,121.2,,160,0.38,0.001,0.0437,7.47,0.052,18.8,,,11,8.03
AA17449,CAPR8,,,5/30/2017,5/30/2017 10:45,0.0559,102.9,,90,0.388,0.001,0.0357,7.6,0.044,18.7,,,15,12
AA16862,CAPR4,4,2017,4/19/2017,4/19/2017 9:00,0.004,117.6,,7,0.142,0.001,0.0221,7.73,0.0832,15.4,,,3,4.03
AA16988,CAPR4,4,2017,4/26/2017,4/26/2017 9:11,0.0884,90.3,,31,0.259,0.001,0.074,6.96,0.077,13.7,,,32,26.1
AA17126,CAPR4,5,2017,5/3/2017,5/3/2017 9:56,0.044,95.9,9.43,66,0.251,0.001,0.0229,7.94,0.0434,15.9,,,4,4.83
AA17174,CAPR4,5,2017,5/8/2017,5/8/2017 9:00,0.0407,76.6,10.7,68,0.679,0.001,0.0402,7.8,0.0611,11.2,,,12,13.7
AA17287,CAPR4,5,2017,5/15/2017,5/15/2017 9:25,0.0902,70.8,,94,0.569,0.001,0.0246,7.77,0.0456,13.6,,,14,10.9
AA17569,CAPR6,,,6/6/2017,6/6/2017 10:10,0.061,136.5,8.92,160,0.224,0.001,0.0276,7.91,0.067,20.5,,,4,3.42
AA17570,CAPR7,,,6/6/2017,6/6/2017 10:56,0.0659,148.5,9.46,58,0.239,0.001,0.0158,7.91,0.0509,19.7,,,2,2.66
AA17571,CAPR8,,,6/6/2017,6/6/2017 11:17,0.114,127.2,8.58,19,0.133,0.001,0.0201,7.95,0.0683,20.9,0.195,0.329,5,5.67
AA17328,CAPR4,5,2017,5/22/2017,5/22/2017 9:10,0.004,104.4,,23,0.259,0.001,0.0084,8.05,0.0875,17.8,,,5,5.11
AA17445,CAPR4,5,2017,5/30/2017,5/30/2017 9:25,0.0662,104.3,,113,0.474,0.001,0.0265,7.18,0.034,17.8,,,12,8.03
AA17567,CAPR4,6,2017,6/6/2017,6/6/2017 9:29,0.0469,134.1,9.05,68,0.275,0.001,0.013,7.88,0.057,19.5,,,2,3.19
AA17697,CAPR4,6,2017,6/15/2017,6/15/2017 9:00,0.0645,145.9,,46,0.319,0.001,0.005,7.17,0.151,23,,,3,4.02
AA17748,CAPR4,6,2017,6/21/2017,6/21/2017 9:15,0.021,154.8,,225,0.529,0.001,0.004,7.98,0.0384,23.2,,,3,3.08
AA17699,CAPR6,,,6/15/2017,6/15/2017 9:30,0.106,160.7,,13,0.26,0.001,0.023,7.45,0.181,23.2,,,5,3.73
AA17700,CAPR7,,,6/15/2017,6/15/2017 10:05,0.061,180.2,,17,0.246,0.001,0.004,7.69,0.158,23.3,,,6,4.23
AA17701,CAPR8,,,6/15/2017,6/15/2017 10:30,0.0931,156.1,,35,0.135,0.001,0.017,7.74,0.155,24.8,,,5,5.01
AA17842,CAPR4,6,2017,6/26/2017,6/26/2017 9:10,0.0318,152.5,,86,0.327,0.001,0.004,8.28,0.0402,21.9,,,8,3.33
AA17904,CAPR4,6,2017,6/28/2017,6/28/2017 9:10,0.0365,156.8,,33,0.201,0.001,0.004,7.98,0.0317,19.9,,,2,2.53
AA17949,CAPR4,7,2017,7/6/2017,7/6/2017 10:00,0.004,165,6.35,28,0.078,0.001,0.0127,7.83,0.0384,24.4,,,,2.13
AA18287,CAPR4,7,2017,7/31/2017,7/31/2017 9:31,0.0596,151,,42,2.87,0.001,0.0726,7.97,0.104,20.1,,,,7.63
AA18358,CAPR4,8,2017,8/7/2017,8/7/2017 9:10,0.004,178.6,7.73,64,0.107,0.001,0.017,7.95,0.103,21.6,,,,1.71
AA17750,CAPR6,,,6/21/2017,6/21/2017 9:52,0.0233,163.5,,66,0.4,0.001,0.004,7.74,0.0695,22.7,,,4,4.34
AA17751,CAPR7,,,6/21/2017,6/21/2017 10:34,0.0294,180.8,,58,0.438,0.001,0.004,8.04,0.0328,22.2,,,4,3.18
AA17752,CAPR8,,,6/21/2017,6/21/2017 11:01,0.0634,156.2,,78,0.277,0.001,0.004,7.95,0.0421,24,,,7,5.97
AA18566,CAPR4,8,2017,8/22/2017,8/22/2017 9:16,0.004,188.1,,20,0.247,0.001,0.0326,8.22,0.036,23.8,,,,1.49
AA18649,CAPR4,8,2017,8/28/2017,8/28/2017 10:00,0.00964,169.9,,13,0.002,0.001,0.0061,7.85,0.0278,20.3,,,,1.15
AA18767,CAPR4,9,2017,9/6/2017,9/6/2017 9:25,0.004,188.5,6.83,29,0.002,0.001,0.004,7.35,0.0335,19.4,,,,0.813
AA19036,CAPR4,9,2017,9/25/2017,9/25/2017 9:20,0.004,210.9,,35,0.0199,0.001,0.0106,7.94,0.0847,20.4,,,,0.734
AA19101,CAPR4,9,2017,9/28/2017,9/28/2017 9:34,0.004,211.2,,16,0.002,0.001,0.0193,7.94,0.0764,20.7,,,,0.933
AA17844,CAPR6,,,6/26/2017,6/26/2017 9:44,0.0561,156.3,,81,0.29,0.001,0.004,7.81,0.0391,21.5,1.55,,6,5.76
AA17845,CAPR7,,,6/26/2017,6/26/2017 10:25,0.0475,176.6,,72,0.318,0.001,0.004,8.06,0.0384,21.4,,,5,3.46
AA17846,CAPR8,,,6/26/2017,6/26/2017 10:53,0.0812,153,,20,0.266,0.001,0.004,8.05,0.0458,23.9,,,8,7.53
AA19137,CAPR4,10,2017,10/3/2017,10/3/2017 10:22,0.004,199.6,,64,0.002,0.001,0.0203,7.65,0.0405,15.7,,,,1.02
AA19338,CAPR4,10,2017,10/18/2017,10/18/2017 8:46,0.0132,203.5,,40,0.002,0.001,0.004,6.95,0.0749,11.9,,,,0.641
AA19503,CAPR4,10,2017,10/26/2017,10/26/2017 9:20,0.0402,194,,19,0.0303,0.001,0.0103,6.9,0.12,12.5,,,,0.782
AA19567,CAPR4,11,2017,11/1/2017,11/1/2017 9:24,0.0326,138.6,,9,1.48,0.001,0.0572,7.59,0.164,10.3,,,,7.22
AA19861,CAPR4,11,2017,11/28/2017,11/28/2017 9:32,0.004,167.1,,,0.0876,0.001,0.0126,7.03,0.016,5.1,,,,0.838
AA17906,CAPR6,,,6/28/2017,6/28/2017 9:40,0.0435,160.6,,56,0.257,0.001,0.004,7.87,0.0469,20.8,,,27,22.2
AA17907,CAPR7,,,6/28/2017,6/28/2017 10:15,0.0691,173.1,,60,0.244,0.001,0.004,8.04,0.0411,20.5,,,3,4.97
AA17908,CAPR8,,,6/28/2017,6/28/2017 10:40,0.082,158.8,,11,0.251,0.001,0.004,8.16,0.0387,21.9,,,5,5.53
AA19925,CAPR4,12,2017,12/5/2017,12/5/2017 9:15,0.0239,170.3,,17,0.002,0.001,0.004,8.03,0.005,7.4,,,,1.12
AA20141,CAPR4,12,2017,12/20/2017,12/20/2017 9:12,0.0137,178.6,,11,0.0811,0.001,0.004,7.91,0.037,5.7,,,,1.75
AA12392,CAPR5,7,2016,7/6/2016,7/6/2016 10:29,0.0631,159,8.4,74,0.376,0.001,0.0709,8.05,0.799,24.6,,,7,7.99
AA12495,CAPR5,7,2016,7/11/2016,7/11/2016 10:53,0.0341,213,,74,0.13,0.001,0.0452,8.27,0.0477,24.2,,,0.59,5.14
AA12636,CAPR5,7,2016,7/14/2016,7/14/2016 9:11,0.0271,221,,56,0.015,0.001,0.0452,8.07,0.183,26.7,,,5,3.76
AA17951,CAPR6,,,7/6/2017,7/6/2017 10:35,0.0369,170,7.7,25,0.132,0.001,0.0379,7.77,0.0524,22.8,,,,3.59
AA17952,CAPR8,,,7/6/2017,7/6/2017 12:00,0.0959,158,7.4,46,0.121,0.001,0.0422,7.93,0.0554,25.1,0.531,0.653,12,10.5
AA12661,CAPR5,7,2016,7/18/2016,7/18/2016 9:38,0.0112,174.3,,66,0.0321,0.001,0.004,8.3,0.0253,26.4,,,5,3.62
AA12836,CAPR5,7,2016,7/25/2016,7/25/2016 9:12,0.0318,177.6,,117,0.0284,0.001,0.0668,8.03,0.34,26.2,,,4,4.04
AA12957,CAPR5,8,2016,8/1/2016,8/1/2016 9:41,0.0613,148.1,7.92,15,0.278,0.001,0.0428,7.81,0.134,25.1,,,7,6.87
AA13027,CAPR5,8,2016,8/8/2016,8/8/2016 10:03,0.004,161.7,,48,0.22,0.001,0.046,8.03,0.107,24.9,,,0.59,4.54
AA13181,CAPR5,8,2016,8/15/2016,8/15/2016 9:20,0.0433,178.5,,35,0.0463,0.001,0.0376,8.04,0.657,26.7,,,0.59,2.79
AA18289,CAPR6,,,7/31/2017,7/31/2017 10:01,0.0378,177.6,,15,2.31,0.001,0.0442,7.51,0.0663,20.7,,,,8.51
AA18290,CAPR7,,,7/31/2017,7/31/2017 10:30,0.0446,191.8,,33,1.02,0.001,0.0459,8.1,0.075,21.4,,,,5.98
AA18291,CAPR8,,,7/31/2017,7/31/2017 10:53,0.13,151.3,,28,1.65,0.001,0.0733,8.1,0.0822,21.6,,,21,24.8
AA13269,CAPR5,8,2016,8/17/2016,8/17/2016 9:00,0.073,201.1,,58,0.113,0.001,0.0322,8.09,0.514,25.4,,,5,6.15
AA13371,CAPR5,8,2016,8/24/2016,8/24/2016 9:08,0.004,174,,20,0.0211,0.001,0.0432,8.23,0.161,22.4,,,2,2.44
AA13548,CAPR5,9,2016,9/7/2016,9/7/2016 9:35,0.004,164.1,8.35,9,0.00439,0.001,0.0315,8.09,0.263,23.4,,,3,2.32
AA13587,CAPR5,9,2016,9/12/2016,9/12/2016 10:10,0.004,188.1,,15,0.0228,0.001,0.0329,8.07,0.04,22.1,,,4,1.89
AA13725,CAPR5,9,2016,9/19/2016,9/19/2016 9:45,0.004,236,,25,0.0475,0.001,0.005,7.8,0.005,20.7,,,4,1.76
AA18360,CAPR6,,,8/7/2017,8/7/2017 9:41,0.033,174.1,8.78,5,0.0654,0.001,0.036,7.19,0.109,20.9,,,,3.4
AA18361,CAPR7,,,8/7/2017,8/7/2017 10:15,0.037,192.5,8.08,15,0.0845,0.001,0.048,8.07,0.113,20.5,,,,6.64
AA18362,CAPR8,,,8/7/2017,8/7/2017 10:40,0.074,166.8,7.92,29,0.0418,0.001,0.046,7.77,0.101,22,0.651,0.694,11,10.3
AA13771,CAPR5,9,2016,9/22/2016,9/22/2016 9:10,0.004,196.7,,70,0.0383,0.001,0.0146,8.05,0.128,21.1,,,3,2.52
AA13860,CAPR5,9,2016,9/28/2016,9/28/2016 9:04,0.004,195,,54,0.002,0.001,0.0703,7.94,0.099,18.3,,,0.59,1.36
AA13918,CAPR5,10,2016,10/3/2016,10/3/2016 10:05,0.214,162.5,,60,0.408,0.001,0.033,7.41,0.052,18,,,4,6.84
AA13981,CAPR5,10,2016,10/5/2016,10/5/2016 9:47,0.00802,187.2,,68,0.593,0.001,0.023,7.09,0.084,17.7,,,4,4.04
AA14105,CAPR5,10,2016,10/12/2016,10/12/2016 9:05,0.004,168.3,,17,0.639,0.001,0.01,7.41,0.032,12.5,,,4,4
AA18568,CAPR6,,,8/22/2017,8/22/2017 9:50,0.0136,184,,9,0.002,0.001,0.0333,7.71,0.036,24.3,,,,2.28
AA18569,CAPR7,,,8/22/2017,8/22/2017 10:43,0.0207,194.1,,16,0.00932,0.001,0.0352,8.04,0.0367,24.6,,,,3.4
AA18570,CAPR8,,,8/22/2017,8/22/2017 11:09,0.0323,183.4,,46,0.002,0.001,0.0351,8.21,0.037,24.6,,,6,6.05
AA14250,CAPR5,10,2016,10/18/2016,10/18/2016 9:31,0.0125,225,,15,0.057,0.001,0.0282,8,0.076,15.6,,,4,3.1
AA14402,CAPR5,10,2016,10/26/2016,10/26/2016 9:32,0.004,283,,64,0.002,0.001,0.033,7.99,0.123,9.2,,,4,2.85
AA14548,CAPR5,11,2016,11/2/2016,11/2/2016 9:35,0.004,256,,84,0.012,0.001,0.0103,8.01,0.0975,11.9,,,6,2.93
AA14589,CAPR5,11,2016,11/9/2016,11/9/2016 9:39,0.004,291,,76,0.00743,0.001,0.0108,7.96,0.0482,11.3,,,2,2.67
AA14643,CAPR5,11,2016,11/14/2016,11/14/2016 9:25,0.004,259,,68,0.002,0.001,0.004,7.98,0.005,5.4,,,0.59,2.99
AA18651,CAPR6,,,8/28/2017,8/28/2017 10:23,0.0536,173.2,,8,0.0118,0.001,0.0264,7.69,0.0328,20,,,,2.32
AA18652,CAPR7,,,8/28/2017,8/28/2017 10:52,0.004,194.1,,46,0.0184,0.001,0.0208,8.34,0.0513,20.4,,,,2.78
AA18653,CAPR8,,,8/28/2017,8/28/2017 11:17,0.0648,183.1,,12,0.002,0.001,0.0257,8.26,0.0507,21.5,,,6,7.38
AA14756,CAPR5,11,2016,11/22/2016,11/22/2016 9:32,0.00813,218.9,,12,0.002,0.001,0.0095,8.26,0.0339,3.2,,,0.59,2.62
AA14836,CAPR5,11,2016,11/30/2016,11/30/2016 9:04,0.004,277,,76,0.0252,0.001,0.016,7.39,0.048,7.8,,,0.59,3.45
AA14987,CAPR5,12,2016,12/7/2016,12/7/2016 9:00,0.0287,180.4,,31,0.139,0.001,0.0295,8.01,0.21,5.6,,,8,8.29
AA15065,CAPR5,12,2016,12/12/2016,12/12/2016 9:16,0.004,195.1,,32,0.283,0.001,0.0115,8.22,0.0163,2.6,,,2,2.32
AA15173,CAPR5,12,2016,12/19/2016,12/19/2016,0.0228,210.7,,40,0.216,0.001,0.0112,7.49,0.0263,0.4,,,0.59,2.45
AA18769,CAPR6,,,9/6/2017,9/6/2017 9:55,0.004,184.1,8.74,24,0.002,0.001,0.0313,7.38,0.033,18.4,,,,3.38
AA18770,CAPR7,,,9/6/2017,9/6/2017 10:38,0.0326,198.9,8.69,50,0.0428,0.001,0.0267,8.03,0.034,18.7,,,,2.85
AA18771,CAPR8,,,9/6/2017,9/6/2017 10:58,0.0387,177.8,8.1,35,0.002,0.001,0.0263,8.08,0.029,20.1,0.468,0.471,6,7.96
AA15277,CAPR5,12,2016,12/28/2016,12/28/2016 9:35,0.004,173.5,,8,0.0688,0.001,0.0151,8.01,0.0287,5.8,,,0.59,2.75
AA15342,CAPR5,1,2017,1/4/2017,1/4/2017 9:36,0.123,126.9,,109,0.376,0.001,0.031,7.98,0.0431,7.2,,,17,18.4
AA15398,CAPR5,1,2017,1/9/2017,1/9/2017 9:20,0.004,138.3,,13,1.06,0.001,0.0151,7.98,0.0166,0.4,,,0.59,4.25
AA15625,CAPR5,1,2017,1/23/2017,1/23/2017 9:22,0.0668,139.6,,145,0.551,0.001,0.0469,7.91,0.048,8.5,,,18,20.6
AA15679,CAPR5,1,2017,1/25/2017,1/25/2017 9:21,0.0837,92.8,,106,1.27,0.001,Scratched,6.18,0.061,6.4,,,21,27
AA19038,CAPR6,,,9/25/2017,9/25/2017 9:54,0.004,202.8,,28,0.0312,0.001,0.0844,8.08,0.105,20.7,,,,1.73
AA19039,CAPR7,,,9/25/2017,9/25/2017 10:37,0.004,216.3,,28,0.0189,0.001,0.0225,8.36,0.0826,21.3,,,,1.59
AA19040,CAPR8,,,9/25/2017,9/25/2017 11:01,0.004,199.2,,19,0.0153,0.001,0.0227,8.35,0.0888,22.8,,,2,3.26
AA15746,CAPR5,1,2017,1/30/2017,1/30/2017 9:38,0.004,109.9,,28,1.06,0.001,0.0198,7.97,0.0328,3.6,,,6,4
AA15797,CAPR5,2,2017,2/1/2017,2/1/2017 9:12,0.004,111.8,,25,0.959,0.001,0.0268,7.84,0.0329,5.4,,,5,3.57
AA15852,CAPR5,2,2017,2/7/2017,2/7/2017 9:25,0.004,125.3,,31,0.752,0.001,0.0131,8.06,0.0493,5.4,,,0.59,3.53
AA16019,CAPR5,2,2017,2/21/2017,2/21/2017 9:43,0.004,124.9,,78,0.529,0.001,0.0151,6.84,0.0329,8.4,,,6,3.1
AA16055,CAPR5,2,2017,2/23/2017,2/23/2017 9:35,0.004,122.6,,27,0.391,0.001,0.0174,8.01,0.038,12.1,,,4,4.8
AA19103,CAPR6,,,9/28/2017,9/28/2017 10:02,0.004,208.9,,29,0.002,0.001,0.0386,8,0.0848,20,,,,1.62
AA19104,CAPR7,,,9/28/2017,9/28/2017 10:39,0.004,219.5,,13,0.002,0.001,0.0266,8.33,0.0762,21.1,,,,1.98
AA19105,CAPR8,,,9/28/2017,9/28/2017 11:07,0.004,202.5,,23,0.002,0.001,0.0418,8.28,0.0717,23.1,,,3,3.47
AA16103,CAPR5,2,2017,2/28/2017,2/28/2017 9:30,0.004,153.8,,24,0.342,0.001,0.0058,7.24,0.061,7.4,,,0.59,2.66
AA16121,CAPR5,3,2017,3/1/2017,3/1/2017 9:04,0.004,163.1,,20,0.291,0.001,0.0115,8.01,0.0562,9.5,,,2,3.27
AA16172,CAPR5,3,2017,3/6/2017,3/6/2017 9:47,0.0345,138.1,,76,0.326,0.001,0.0086,8.18,0.0523,5.6,,,0.59,2.35
AA16348,CAPR5,3,2017,3/20/2017,3/20/2017 9:52,0.0665,109.5,,16,0.737,0.001,0.0391,7.71,0.0693,6.4,,,17,16.7
AA16481,CAPR5,3,2017,3/28/2017,3/28/2017 9:30,0.004,114.1,,25,0.553,0.001,0.02,7.81,0.0678,12.7,,,4,4.23
AA19139,CAPR6,,,10/3/2017,10/3/2017 10:47,0.004,207.7,,24,0.002,0.001,0.0421,8.07,0.0662,15.4,,,,4.36
AA19140,CAPR7,,,10/3/2017,10/3/2017 11:18,0.004,223,,62,0.002,0.001,0.0264,8.26,0.0597,15.9,,,,4.42
AA19141,CAPR8,,,10/3/2017,10/3/2017 11:43,0.032,204.5,,96,0.0113,0.001,0.0298,8.3,0.0867,17.1,0.615,0.627,2,3.51
AA16555,CAPR5,4,2017,4/3/2017,4/3/2017 9:40,0.0496,92.6,,44,0.817,0.001,0.0253,7.89,0.145,11.4,,,12,11.4
AA16723,CAPR5,4,2017,4/11/2017,4/11/2017 9:30,0.004,105.1,,37,0.371,0.001,0.0164,7.78,0.062,13.9,,,2,4.21
AA16808,CAPR5,4,2017,4/17/2017,4/17/2017 9:13,0.004,144.1,,23,0.139,0.001,0.0194,7.84,0.0919,17.7,,,5,3.66
AA16863,CAPR5,4,2017,4/19/2017,4/19/2017 9:15,0.004,118.9,,13,0.129,0.001,0.0191,8.06,0.0518,16.2,,,4,3.66
AA16989,CAPR5,4,2017,4/26/2017,4/26/2017 9:34,0.111,90.8,,46,0.225,0.001,0.0788,7.76,0.084,13.7,,,43,31
AA19340,CAPR6,,,10/18/2017,10/18/2017 9:20,0.0131,206.5,,24,0.0212,0.001,0.0328,7.18,0.0763,12.7,,,,0.91
AA19341,CAPR7,,,10/18/2017,10/18/2017 10:10,0.004,220,,62,0.0663,0.001,0.0184,7.15,0.0868,13.3,,,,1.27
AA19342,CAPR8,,,10/18/2017,10/18/2017 10:39,0.0236,203.9,,56,0.002,0.001,0.0152,7.94,0.0652,14.2,,,2,3.62
AA17127,CAPR5,5,2017,5/3/2017,5/3/2017 10:12,0.0426,96.4,9.48,62,0.231,0.001,0.0221,7.98,0.0349,16.4,,,5,9.5
AA17175,CAPR5,5,2017,5/8/2017,5/8/2017 9:35,0.0392,73.7,10.8,17,0.672,0.001,0.0421,7.67,0.0709,11.4,,,16,14.2
AA17288,CAPR5,5,2017,5/15/2017,5/15/2017 9:40,0.108,70.1,,109,0.605,0.001,0.0247,7.81,0.0614,13.7,,,17,14.5
AA17329,CAPR5,5,2017,5/22/2017,5/22/2017 9:38,0.004,103,,48,0.231,0.001,0.0066,8.06,0.062,18.4,,,6,4.62
AA17446,CAPR5,5,2017,5/30/2017,5/30/2017 9:40,0.0642,101.7,,78,0.464,0.001,0.022,7.37,0.0266,18.3,,,11,9.79
AA19505,CAPR6,,,10/26/2017,10/26/2017 9:53,0.0501,207.1,,3,0.0129,0.001,0.0248,7.11,0.054,13.2,,,,1.03
AA19506,CAPR7,,,10/26/2017,10/26/2017 10:36,0.0471,220,,9,0.0132,0.001,0.0222,7.58,0.0476,13.2,,,,1.07
AA19507,CAPR8,,,10/26/2017,10/26/2017 11:00,0.0511,205.5,,25,0.0153,0.001,0.0166,8.08,0.0671,13.9,,,3,4.09
AA17568,CAPR5,6,2017,6/6/2017,6/6/2017 9:48,0.0771,159.1,9.17,185,0.258,0.001,0.0123,7.86,0.0657,19.5,,,4,3.41
AA17698,CAPR5,6,2017,6/15/2017,6/15/2017 9:20,0.0768,148.7,,155,0.25,0.001,0.025,7.48,0.17,23.8,,,5,4.79
AA17749,CAPR5,6,2017,6/21/2017,6/21/2017 9:38,0.0377,266,,52,0.359,0.001,0.004,8.14,0.0393,19.8,,,5,7.3
AA17843,CAPR5,6,2017,6/26/2017,6/26/2017 9:27,0.0801,164.9,,145,0.263,0.001,0.004,8.21,0.0205,21.3,,,7,5.03
AA17905,CAPR5,6,2017,6/28/2017,6/28/2017 9:25,0.004,160.8,,106,0.239,0.001,0.004,8,0.0334,20.1,,,4,4.49
AA19569,CAPR6,,,11/1/2017,11/1/2017 10:00,0.0469,133.8,,25,1.51,0.001,0.0683,7.9,0.128,10.4,,,,8.88
AA19570,CAPR7,,,11/1/2017,11/1/2017 10:41,0.0376,135.3,,7,1.23,0.001,0.0714,8,0.127,10.9,,,,8.25
AA19571,CAPR8,,,11/1/2017,11/1/2017 11:06,0.102,115.8,,25,1.59,0.001,0.0915,8.18,0.114,10.9,0.655,2.25,14,18.5
AA17950,CAPR5,7,2017,7/6/2017,7/6/2017 10:20,0.0427,172.8,7.31,66,0.206,0.001,0.0246,7.84,0.0284,23.1,,,,3.25
AA18288,CAPR5,7,2017,7/31/2017,7/31/2017 9:50,0.0467,162.1,,66,2.84,0.001,0.0609,7.49,0.0854,20.6,,,,11.5
AA18359,CAPR5,8,2017,8/7/2017,8/7/2017 9:30,0.029,189.1,8.37,17,0.0494,0.001,0.024,7.28,0.116,20.6,,,,3.48
AA18567,CAPR5,8,2017,8/22/2017,8/22/2017 9:41,0.004,190.9,,74,0.002,0.001,0.0209,8.33,0.0303,24.2,,,,1.85
AA18650,CAPR5,8,2017,8/28/2017,8/28/2017 10:14,0.0132,180,,39,0.002,0.001,0.0117,7.8,0.0389,20.1,,,,2.13
AA19863,CAPR6,,,11/28/2017,11/28/2017 10:02,0.004,177.2,,,0.0738,0.001,0.02,7.34,0.021,6.6,,,,1.03
AA19864,CAPR7,,,11/28/2017,11/28/2017 10:56,0.004,185.5,,,0.0769,0.001,0.0119,7.18,0.013,7.5,,,,0.943
AA19865,CAPR8,,,11/28/2017,11/28/2017 11:16,0.004,162.2,,,0.0834,0.001,0.0126,7.62,0.014,6.8,,,0.59,0.488
AA18768,CAPR5,9,2017,9/6/2017,9/6/2017 9:43,0.0154,201.5,8.52,15,0.0273,0.001,0.0159,6.8,0.0272,18.8,,,,3.14
AA19037,CAPR5,9,2017,9/25/2017,9/25/2017 9:43,0.004,237,,28,0.0111,0.001,0.026,8.02,0.0747,20.1,,,,1.95
AA19102,CAPR5,9,2017,9/28/2017,9/28/2017 9:52,0.004,299,,27,0.002,0.001,0.0214,8.04,0.0752,20.4,,,,1.45
AA19138,CAPR5,10,2017,10/3/2017,10/3/2017 10:37,0.004,208.5,,58,0.002,0.001,0.0258,8.06,0.049,15.6,,,,1.13
AA19339,CAPR5,10,2017,10/18/2017,10/18/2017 9:07,0.004,259,,52,0.002,0.001,0.0096,6.84,0.0767,11.2,,,,1.6
AA19927,CAPR6,,,12/5/2017,12/5/2017 9:57,0.0309,180.1,,20,0.002,0.001,0.004,8.11,0.005,8.1,,,,1.26
AA19928,CAPR7,,,12/5/2017,12/5/2017 10:35,0.0193,193.5,,7,0.0305,0.001,0.004,8.16,0.005,8,,,,1.13
AA19929,CAPR8,,,12/5/2017,12/5/2017 10:55,0.0228,170.9,,12,0.002,0.001,0.004,8.16,0.005,7,0.545,0.548,0.59,1.37
AA19504,CAPR5,10,2017,10/26/2017,10/26/2017 9:45,0.0551,226,,35,0.002,0.001,0.0103,7.25,0.101,12.6,,,,0.802
AA19568,CAPR5,11,2017,11/1/2017,11/1/2017 9:44,0.0395,132.7,,21,1.55,0.001,0.0657,7.87,0.138,10.2,,,,7.29
AA19862,CAPR5,11,2017,11/28/2017,11/28/2017 9:49,0.004,207.4,,,0.0656,0.001,0.0103,7.08,0.014,5.4,,,,2.04
AA19926,CAPR5,12,2017,12/5/2017,12/5/2017 9:32,0.0115,237,,27,0.0177,0.001,0.004,8.13,0.005,6.3,,,,2.91
AA20142,CAPR5,12,2017,12/20/2017,12/20/2017 9:30,0.004,255,,11,0.091,0.001,0.008,7.96,0.0271,4.6,,,,1.95
AA20143,CAPR6,,,12/20/2017,12/20/2017 9:42,0.0127,191.6,,13,0.0572,0.001,0.015,7.99,0.0427,5.7,,,,2.19
AA20144,CAPR7,,,12/20/2017,12/20/2017 10:29,0.004,204.4,,20,0.0502,0.001,0.004,8.1,0.0369,6.5,,,,0.952
AA20145,CAPR8,,,12/20/2017,12/20/2017 10:48,0.004,184.8,,11,0.0133,0.001,0.004,8.12,0.0315,5.1,,,2,2.27
